PRAGMA foreign_keys=OFF;
BEGIN TRANSACTION;
CREATE TABLE collection (
	collection_key VARCHAR(8) NOT NULL, 
	version INTEGER NOT NULL, 
	name VARCHAR NOT NULL, 
	parent_collection VARCHAR(8), 
	meta JSON NOT NULL, 
	links JSON NOT NULL, 
	data JSON NOT NULL, 
	trashed BOOLEAN, 
	PRIMARY KEY (collection_key)
);
INSERT INTO collection VALUES('S7BFFL65',13,'test_item_meta',NULL,'{"numCollections": 0, "numItems": 6}','{"self": {"href": "https://api.zotero.org/groups/4507457/collections/S7BFFL65", "type": "application/json"}, "alternate": {"href": "https://www.zotero.org/groups/kerko_integration_testing/collections/S7BFFL65", "type": "text/html"}}','{"key": "S7BFFL65", "version": 13, "name": "test_item_meta", "parentCollection": false, "relations": {}}',NULL);
CREATE TABLE item_type (
	item_type VARCHAR NOT NULL, 
	PRIMARY KEY (item_type)
);
INSERT INTO item_type VALUES('artwork');
INSERT INTO item_type VALUES('audioRecording');
INSERT INTO item_type VALUES('bill');
INSERT INTO item_type VALUES('blogPost');
INSERT INTO item_type VALUES('book');
INSERT INTO item_type VALUES('bookSection');
INSERT INTO item_type VALUES('case');
INSERT INTO item_type VALUES('conferencePaper');
INSERT INTO item_type VALUES('dataset');
INSERT INTO item_type VALUES('dictionaryEntry');
INSERT INTO item_type VALUES('document');
INSERT INTO item_type VALUES('email');
INSERT INTO item_type VALUES('encyclopediaArticle');
INSERT INTO item_type VALUES('film');
INSERT INTO item_type VALUES('forumPost');
INSERT INTO item_type VALUES('hearing');
INSERT INTO item_type VALUES('instantMessage');
INSERT INTO item_type VALUES('interview');
INSERT INTO item_type VALUES('journalArticle');
INSERT INTO item_type VALUES('letter');
INSERT INTO item_type VALUES('magazineArticle');
INSERT INTO item_type VALUES('manuscript');
INSERT INTO item_type VALUES('map');
INSERT INTO item_type VALUES('newspaperArticle');
INSERT INTO item_type VALUES('note');
INSERT INTO item_type VALUES('patent');
INSERT INTO item_type VALUES('podcast');
INSERT INTO item_type VALUES('preprint');
INSERT INTO item_type VALUES('presentation');
INSERT INTO item_type VALUES('radioBroadcast');
INSERT INTO item_type VALUES('report');
INSERT INTO item_type VALUES('computerProgram');
INSERT INTO item_type VALUES('standard');
INSERT INTO item_type VALUES('statute');
INSERT INTO item_type VALUES('tvBroadcast');
INSERT INTO item_type VALUES('thesis');
INSERT INTO item_type VALUES('videoRecording');
INSERT INTO item_type VALUES('webpage');
CREATE TABLE item_type_locale (
	item_type VARCHAR NOT NULL, 
	locale VARCHAR NOT NULL, 
	localized VARCHAR NOT NULL, 
	PRIMARY KEY (item_type, locale)
);
INSERT INTO item_type_locale VALUES('artwork','en-US','Artwork');
INSERT INTO item_type_locale VALUES('audioRecording','en-US','Audio Recording');
INSERT INTO item_type_locale VALUES('bill','en-US','Bill');
INSERT INTO item_type_locale VALUES('blogPost','en-US','Blog Post');
INSERT INTO item_type_locale VALUES('book','en-US','Book');
INSERT INTO item_type_locale VALUES('bookSection','en-US','Book Section');
INSERT INTO item_type_locale VALUES('case','en-US','Case');
INSERT INTO item_type_locale VALUES('conferencePaper','en-US','Conference Paper');
INSERT INTO item_type_locale VALUES('dataset','en-US','Dataset');
INSERT INTO item_type_locale VALUES('dictionaryEntry','en-US','Dictionary Entry');
INSERT INTO item_type_locale VALUES('document','en-US','Document');
INSERT INTO item_type_locale VALUES('email','en-US','E-mail');
INSERT INTO item_type_locale VALUES('encyclopediaArticle','en-US','Encyclopedia Article');
INSERT INTO item_type_locale VALUES('film','en-US','Film');
INSERT INTO item_type_locale VALUES('forumPost','en-US','Forum Post');
INSERT INTO item_type_locale VALUES('hearing','en-US','Hearing');
INSERT INTO item_type_locale VALUES('instantMessage','en-US','Instant Message');
INSERT INTO item_type_locale VALUES('interview','en-US','Interview');
INSERT INTO item_type_locale VALUES('journalArticle','en-US','Journal Article');
INSERT INTO item_type_locale VALUES('letter','en-US','Letter');
INSERT INTO item_type_locale VALUES('magazineArticle','en-US','Magazine Article');
INSERT INTO item_type_locale VALUES('manuscript','en-US','Manuscript');
INSERT INTO item_type_locale VALUES('map','en-US','Map');
INSERT INTO item_type_locale VALUES('newspaperArticle','en-US','Newspaper Article');
INSERT INTO item_type_locale VALUES('note','en-US','Note');
INSERT INTO item_type_locale VALUES('patent','en-US','Patent');
INSERT INTO item_type_locale VALUES('podcast','en-US','Podcast');
INSERT INTO item_type_locale VALUES('preprint','en-US','Preprint');
INSERT INTO item_type_locale VALUES('presentation','en-US','Presentation');
INSERT INTO item_type_locale VALUES('radioBroadcast','en-US','Radio Broadcast');
INSERT INTO item_type_locale VALUES('report','en-US','Report');
INSERT INTO item_type_locale VALUES('computerProgram','en-US','Software');
INSERT INTO item_type_locale VALUES('standard','en-US','Standard');
INSERT INTO item_type_locale VALUES('statute','en-US','Statute');
INSERT INTO item_type_locale VALUES('tvBroadcast','en-US','TV Broadcast');
INSERT INTO item_type_locale VALUES('thesis','en-US','Thesis');
INSERT INTO item_type_locale VALUES('videoRecording','en-US','Video Recording');
INSERT INTO item_type_locale VALUES('webpage','en-US','Web Page');
CREATE TABLE item_type_field (
	item_type VARCHAR NOT NULL, 
	field VARCHAR NOT NULL, 
	position INTEGER NOT NULL, 
	PRIMARY KEY (item_type, field)
);
INSERT INTO item_type_field VALUES('bill','title',0);
INSERT INTO item_type_field VALUES('bill','abstractNote',1);
INSERT INTO item_type_field VALUES('bill','billNumber',2);
INSERT INTO item_type_field VALUES('bill','code',3);
INSERT INTO item_type_field VALUES('bill','codeVolume',4);
INSERT INTO item_type_field VALUES('bill','section',5);
INSERT INTO item_type_field VALUES('bill','codePages',6);
INSERT INTO item_type_field VALUES('bill','legislativeBody',7);
INSERT INTO item_type_field VALUES('bill','session',8);
INSERT INTO item_type_field VALUES('bill','history',9);
INSERT INTO item_type_field VALUES('bill','date',10);
INSERT INTO item_type_field VALUES('bill','language',11);
INSERT INTO item_type_field VALUES('bill','url',12);
INSERT INTO item_type_field VALUES('bill','accessDate',13);
INSERT INTO item_type_field VALUES('bill','shortTitle',14);
INSERT INTO item_type_field VALUES('bill','rights',15);
INSERT INTO item_type_field VALUES('bill','extra',16);
INSERT INTO item_type_field VALUES('artwork','title',0);
INSERT INTO item_type_field VALUES('artwork','abstractNote',1);
INSERT INTO item_type_field VALUES('artwork','artworkMedium',2);
INSERT INTO item_type_field VALUES('artwork','artworkSize',3);
INSERT INTO item_type_field VALUES('artwork','date',4);
INSERT INTO item_type_field VALUES('artwork','language',5);
INSERT INTO item_type_field VALUES('artwork','shortTitle',6);
INSERT INTO item_type_field VALUES('artwork','archive',7);
INSERT INTO item_type_field VALUES('artwork','archiveLocation',8);
INSERT INTO item_type_field VALUES('artwork','libraryCatalog',9);
INSERT INTO item_type_field VALUES('artwork','callNumber',10);
INSERT INTO item_type_field VALUES('artwork','url',11);
INSERT INTO item_type_field VALUES('artwork','accessDate',12);
INSERT INTO item_type_field VALUES('artwork','rights',13);
INSERT INTO item_type_field VALUES('artwork','extra',14);
INSERT INTO item_type_field VALUES('blogPost','title',0);
INSERT INTO item_type_field VALUES('blogPost','abstractNote',1);
INSERT INTO item_type_field VALUES('blogPost','blogTitle',2);
INSERT INTO item_type_field VALUES('blogPost','websiteType',3);
INSERT INTO item_type_field VALUES('blogPost','date',4);
INSERT INTO item_type_field VALUES('blogPost','url',5);
INSERT INTO item_type_field VALUES('blogPost','accessDate',6);
INSERT INTO item_type_field VALUES('blogPost','language',7);
INSERT INTO item_type_field VALUES('blogPost','shortTitle',8);
INSERT INTO item_type_field VALUES('blogPost','rights',9);
INSERT INTO item_type_field VALUES('blogPost','extra',10);
INSERT INTO item_type_field VALUES('book','title',0);
INSERT INTO item_type_field VALUES('book','abstractNote',1);
INSERT INTO item_type_field VALUES('book','series',2);
INSERT INTO item_type_field VALUES('book','seriesNumber',3);
INSERT INTO item_type_field VALUES('book','volume',4);
INSERT INTO item_type_field VALUES('book','numberOfVolumes',5);
INSERT INTO item_type_field VALUES('book','edition',6);
INSERT INTO item_type_field VALUES('book','place',7);
INSERT INTO item_type_field VALUES('book','publisher',8);
INSERT INTO item_type_field VALUES('book','date',9);
INSERT INTO item_type_field VALUES('book','numPages',10);
INSERT INTO item_type_field VALUES('book','language',11);
INSERT INTO item_type_field VALUES('book','ISBN',12);
INSERT INTO item_type_field VALUES('book','shortTitle',13);
INSERT INTO item_type_field VALUES('book','url',14);
INSERT INTO item_type_field VALUES('book','accessDate',15);
INSERT INTO item_type_field VALUES('book','archive',16);
INSERT INTO item_type_field VALUES('book','archiveLocation',17);
INSERT INTO item_type_field VALUES('book','libraryCatalog',18);
INSERT INTO item_type_field VALUES('book','callNumber',19);
INSERT INTO item_type_field VALUES('book','rights',20);
INSERT INTO item_type_field VALUES('book','extra',21);
INSERT INTO item_type_field VALUES('audioRecording','title',0);
INSERT INTO item_type_field VALUES('audioRecording','abstractNote',1);
INSERT INTO item_type_field VALUES('audioRecording','audioRecordingFormat',2);
INSERT INTO item_type_field VALUES('audioRecording','seriesTitle',3);
INSERT INTO item_type_field VALUES('audioRecording','volume',4);
INSERT INTO item_type_field VALUES('audioRecording','numberOfVolumes',5);
INSERT INTO item_type_field VALUES('audioRecording','place',6);
INSERT INTO item_type_field VALUES('audioRecording','label',7);
INSERT INTO item_type_field VALUES('audioRecording','date',8);
INSERT INTO item_type_field VALUES('audioRecording','runningTime',9);
INSERT INTO item_type_field VALUES('audioRecording','language',10);
INSERT INTO item_type_field VALUES('audioRecording','ISBN',11);
INSERT INTO item_type_field VALUES('audioRecording','shortTitle',12);
INSERT INTO item_type_field VALUES('audioRecording','archive',13);
INSERT INTO item_type_field VALUES('audioRecording','archiveLocation',14);
INSERT INTO item_type_field VALUES('audioRecording','libraryCatalog',15);
INSERT INTO item_type_field VALUES('audioRecording','callNumber',16);
INSERT INTO item_type_field VALUES('audioRecording','url',17);
INSERT INTO item_type_field VALUES('audioRecording','accessDate',18);
INSERT INTO item_type_field VALUES('audioRecording','rights',19);
INSERT INTO item_type_field VALUES('audioRecording','extra',20);
INSERT INTO item_type_field VALUES('bookSection','title',0);
INSERT INTO item_type_field VALUES('bookSection','abstractNote',1);
INSERT INTO item_type_field VALUES('bookSection','bookTitle',2);
INSERT INTO item_type_field VALUES('bookSection','series',3);
INSERT INTO item_type_field VALUES('bookSection','seriesNumber',4);
INSERT INTO item_type_field VALUES('bookSection','volume',5);
INSERT INTO item_type_field VALUES('bookSection','numberOfVolumes',6);
INSERT INTO item_type_field VALUES('bookSection','edition',7);
INSERT INTO item_type_field VALUES('bookSection','place',8);
INSERT INTO item_type_field VALUES('bookSection','publisher',9);
INSERT INTO item_type_field VALUES('bookSection','date',10);
INSERT INTO item_type_field VALUES('bookSection','pages',11);
INSERT INTO item_type_field VALUES('bookSection','language',12);
INSERT INTO item_type_field VALUES('bookSection','ISBN',13);
INSERT INTO item_type_field VALUES('bookSection','shortTitle',14);
INSERT INTO item_type_field VALUES('bookSection','url',15);
INSERT INTO item_type_field VALUES('bookSection','accessDate',16);
INSERT INTO item_type_field VALUES('bookSection','archive',17);
INSERT INTO item_type_field VALUES('bookSection','archiveLocation',18);
INSERT INTO item_type_field VALUES('bookSection','libraryCatalog',19);
INSERT INTO item_type_field VALUES('bookSection','callNumber',20);
INSERT INTO item_type_field VALUES('bookSection','rights',21);
INSERT INTO item_type_field VALUES('bookSection','extra',22);
INSERT INTO item_type_field VALUES('dataset','title',0);
INSERT INTO item_type_field VALUES('dataset','abstractNote',1);
INSERT INTO item_type_field VALUES('dataset','identifier',2);
INSERT INTO item_type_field VALUES('dataset','type',3);
INSERT INTO item_type_field VALUES('dataset','versionNumber',4);
INSERT INTO item_type_field VALUES('dataset','date',5);
INSERT INTO item_type_field VALUES('dataset','repository',6);
INSERT INTO item_type_field VALUES('dataset','repositoryLocation',7);
INSERT INTO item_type_field VALUES('dataset','format',8);
INSERT INTO item_type_field VALUES('dataset','DOI',9);
INSERT INTO item_type_field VALUES('dataset','citationKey',10);
INSERT INTO item_type_field VALUES('dataset','url',11);
INSERT INTO item_type_field VALUES('dataset','accessDate',12);
INSERT INTO item_type_field VALUES('dataset','archive',13);
INSERT INTO item_type_field VALUES('dataset','archiveLocation',14);
INSERT INTO item_type_field VALUES('dataset','shortTitle',15);
INSERT INTO item_type_field VALUES('dataset','language',16);
INSERT INTO item_type_field VALUES('dataset','libraryCatalog',17);
INSERT INTO item_type_field VALUES('dataset','callNumber',18);
INSERT INTO item_type_field VALUES('dataset','rights',19);
INSERT INTO item_type_field VALUES('dataset','extra',20);
INSERT INTO item_type_field VALUES('dictionaryEntry','title',0);
INSERT INTO item_type_field VALUES('dictionaryEntry','abstractNote',1);
INSERT INTO item_type_field VALUES('dictionaryEntry','dictionaryTitle',2);
INSERT INTO item_type_field VALUES('dictionaryEntry','series',3);
INSERT INTO item_type_field VALUES('dictionaryEntry','seriesNumber',4);
INSERT INTO item_type_field VALUES('dictionaryEntry','volume',5);
INSERT INTO item_type_field VALUES('dictionaryEntry','numberOfVolumes',6);
INSERT INTO item_type_field VALUES('dictionaryEntry','edition',7);
INSERT INTO item_type_field VALUES('dictionaryEntry','place',8);
INSERT INTO item_type_field VALUES('dictionaryEntry','publisher',9);
INSERT INTO item_type_field VALUES('dictionaryEntry','date',10);
INSERT INTO item_type_field VALUES('dictionaryEntry','pages',11);
INSERT INTO item_type_field VALUES('dictionaryEntry','language',12);
INSERT INTO item_type_field VALUES('dictionaryEntry','ISBN',13);
INSERT INTO item_type_field VALUES('dictionaryEntry','shortTitle',14);
INSERT INTO item_type_field VALUES('dictionaryEntry','url',15);
INSERT INTO item_type_field VALUES('dictionaryEntry','accessDate',16);
INSERT INTO item_type_field VALUES('dictionaryEntry','archive',17);
INSERT INTO item_type_field VALUES('dictionaryEntry','archiveLocation',18);
INSERT INTO item_type_field VALUES('dictionaryEntry','libraryCatalog',19);
INSERT INTO item_type_field VALUES('dictionaryEntry','callNumber',20);
INSERT INTO item_type_field VALUES('dictionaryEntry','rights',21);
INSERT INTO item_type_field VALUES('dictionaryEntry','extra',22);
INSERT INTO item_type_field VALUES('case','caseName',0);
INSERT INTO item_type_field VALUES('case','abstractNote',1);
INSERT INTO item_type_field VALUES('case','court',2);
INSERT INTO item_type_field VALUES('case','dateDecided',3);
INSERT INTO item_type_field VALUES('case','docketNumber',4);
INSERT INTO item_type_field VALUES('case','reporter',5);
INSERT INTO item_type_field VALUES('case','reporterVolume',6);
INSERT INTO item_type_field VALUES('case','firstPage',7);
INSERT INTO item_type_field VALUES('case','history',8);
INSERT INTO item_type_field VALUES('case','language',9);
INSERT INTO item_type_field VALUES('case','shortTitle',10);
INSERT INTO item_type_field VALUES('case','url',11);
INSERT INTO item_type_field VALUES('case','accessDate',12);
INSERT INTO item_type_field VALUES('case','rights',13);
INSERT INTO item_type_field VALUES('case','extra',14);
INSERT INTO item_type_field VALUES('conferencePaper','title',0);
INSERT INTO item_type_field VALUES('conferencePaper','abstractNote',1);
INSERT INTO item_type_field VALUES('conferencePaper','date',2);
INSERT INTO item_type_field VALUES('conferencePaper','proceedingsTitle',3);
INSERT INTO item_type_field VALUES('conferencePaper','conferenceName',4);
INSERT INTO item_type_field VALUES('conferencePaper','place',5);
INSERT INTO item_type_field VALUES('conferencePaper','publisher',6);
INSERT INTO item_type_field VALUES('conferencePaper','volume',7);
INSERT INTO item_type_field VALUES('conferencePaper','pages',8);
INSERT INTO item_type_field VALUES('conferencePaper','series',9);
INSERT INTO item_type_field VALUES('conferencePaper','language',10);
INSERT INTO item_type_field VALUES('conferencePaper','DOI',11);
INSERT INTO item_type_field VALUES('conferencePaper','ISBN',12);
INSERT INTO item_type_field VALUES('conferencePaper','shortTitle',13);
INSERT INTO item_type_field VALUES('conferencePaper','url',14);
INSERT INTO item_type_field VALUES('conferencePaper','accessDate',15);
INSERT INTO item_type_field VALUES('conferencePaper','archive',16);
INSERT INTO item_type_field VALUES('conferencePaper','archiveLocation',17);
INSERT INTO item_type_field VALUES('conferencePaper','libraryCatalog',18);
INSERT INTO item_type_field VALUES('conferencePaper','callNumber',19);
INSERT INTO item_type_field VALUES('conferencePaper','rights',20);
INSERT INTO item_type_field VALUES('conferencePaper','extra',21);
INSERT INTO item_type_field VALUES('document','title',0);
INSERT INTO item_type_field VALUES('document','abstractNote',1);
INSERT INTO item_type_field VALUES('document','publisher',2);
INSERT INTO item_type_field VALUES('document','date',3);
INSERT INTO item_type_field VALUES('document','language',4);
INSERT INTO item_type_field VALUES('document','shortTitle',5);
INSERT INTO item_type_field VALUES('document','url',6);
INSERT INTO item_type_field VALUES('document','accessDate',7);
INSERT INTO item_type_field VALUES('document','archive',8);
INSERT INTO item_type_field VALUES('document','archiveLocation',9);
INSERT INTO item_type_field VALUES('document','libraryCatalog',10);
INSERT INTO item_type_field VALUES('document','callNumber',11);
INSERT INTO item_type_field VALUES('document','rights',12);
INSERT INTO item_type_field VALUES('document','extra',13);
INSERT INTO item_type_field VALUES('forumPost','title',0);
INSERT INTO item_type_field VALUES('forumPost','abstractNote',1);
INSERT INTO item_type_field VALUES('forumPost','forumTitle',2);
INSERT INTO item_type_field VALUES('forumPost','postType',3);
INSERT INTO item_type_field VALUES('forumPost','date',4);
INSERT INTO item_type_field VALUES('forumPost','language',5);
INSERT INTO item_type_field VALUES('forumPost','shortTitle',6);
INSERT INTO item_type_field VALUES('forumPost','url',7);
INSERT INTO item_type_field VALUES('forumPost','accessDate',8);
INSERT INTO item_type_field VALUES('forumPost','rights',9);
INSERT INTO item_type_field VALUES('forumPost','extra',10);
INSERT INTO item_type_field VALUES('film','title',0);
INSERT INTO item_type_field VALUES('film','abstractNote',1);
INSERT INTO item_type_field VALUES('film','distributor',2);
INSERT INTO item_type_field VALUES('film','date',3);
INSERT INTO item_type_field VALUES('film','genre',4);
INSERT INTO item_type_field VALUES('film','videoRecordingFormat',5);
INSERT INTO item_type_field VALUES('film','runningTime',6);
INSERT INTO item_type_field VALUES('film','language',7);
INSERT INTO item_type_field VALUES('film','shortTitle',8);
INSERT INTO item_type_field VALUES('film','url',9);
INSERT INTO item_type_field VALUES('film','accessDate',10);
INSERT INTO item_type_field VALUES('film','archive',11);
INSERT INTO item_type_field VALUES('film','archiveLocation',12);
INSERT INTO item_type_field VALUES('film','libraryCatalog',13);
INSERT INTO item_type_field VALUES('film','callNumber',14);
INSERT INTO item_type_field VALUES('film','rights',15);
INSERT INTO item_type_field VALUES('film','extra',16);
INSERT INTO item_type_field VALUES('email','subject',0);
INSERT INTO item_type_field VALUES('email','abstractNote',1);
INSERT INTO item_type_field VALUES('email','date',2);
INSERT INTO item_type_field VALUES('email','shortTitle',3);
INSERT INTO item_type_field VALUES('email','url',4);
INSERT INTO item_type_field VALUES('email','accessDate',5);
INSERT INTO item_type_field VALUES('email','language',6);
INSERT INTO item_type_field VALUES('email','rights',7);
INSERT INTO item_type_field VALUES('email','extra',8);
INSERT INTO item_type_field VALUES('encyclopediaArticle','title',0);
INSERT INTO item_type_field VALUES('encyclopediaArticle','abstractNote',1);
INSERT INTO item_type_field VALUES('encyclopediaArticle','encyclopediaTitle',2);
INSERT INTO item_type_field VALUES('encyclopediaArticle','series',3);
INSERT INTO item_type_field VALUES('encyclopediaArticle','seriesNumber',4);
INSERT INTO item_type_field VALUES('encyclopediaArticle','volume',5);
INSERT INTO item_type_field VALUES('encyclopediaArticle','numberOfVolumes',6);
INSERT INTO item_type_field VALUES('encyclopediaArticle','edition',7);
INSERT INTO item_type_field VALUES('encyclopediaArticle','place',8);
INSERT INTO item_type_field VALUES('encyclopediaArticle','publisher',9);
INSERT INTO item_type_field VALUES('encyclopediaArticle','date',10);
INSERT INTO item_type_field VALUES('encyclopediaArticle','pages',11);
INSERT INTO item_type_field VALUES('encyclopediaArticle','ISBN',12);
INSERT INTO item_type_field VALUES('encyclopediaArticle','shortTitle',13);
INSERT INTO item_type_field VALUES('encyclopediaArticle','url',14);
INSERT INTO item_type_field VALUES('encyclopediaArticle','accessDate',15);
INSERT INTO item_type_field VALUES('encyclopediaArticle','language',16);
INSERT INTO item_type_field VALUES('encyclopediaArticle','archive',17);
INSERT INTO item_type_field VALUES('encyclopediaArticle','archiveLocation',18);
INSERT INTO item_type_field VALUES('encyclopediaArticle','libraryCatalog',19);
INSERT INTO item_type_field VALUES('encyclopediaArticle','callNumber',20);
INSERT INTO item_type_field VALUES('encyclopediaArticle','rights',21);
INSERT INTO item_type_field VALUES('encyclopediaArticle','extra',22);
INSERT INTO item_type_field VALUES('hearing','title',0);
INSERT INTO item_type_field VALUES('hearing','abstractNote',1);
INSERT INTO item_type_field VALUES('hearing','committee',2);
INSERT INTO item_type_field VALUES('hearing','place',3);
INSERT INTO item_type_field VALUES('hearing','publisher',4);
INSERT INTO item_type_field VALUES('hearing','numberOfVolumes',5);
INSERT INTO item_type_field VALUES('hearing','documentNumber',6);
INSERT INTO item_type_field VALUES('hearing','pages',7);
INSERT INTO item_type_field VALUES('hearing','legislativeBody',8);
INSERT INTO item_type_field VALUES('hearing','session',9);
INSERT INTO item_type_field VALUES('hearing','history',10);
INSERT INTO item_type_field VALUES('hearing','date',11);
INSERT INTO item_type_field VALUES('hearing','language',12);
INSERT INTO item_type_field VALUES('hearing','shortTitle',13);
INSERT INTO item_type_field VALUES('hearing','url',14);
INSERT INTO item_type_field VALUES('hearing','accessDate',15);
INSERT INTO item_type_field VALUES('hearing','rights',16);
INSERT INTO item_type_field VALUES('hearing','extra',17);
INSERT INTO item_type_field VALUES('instantMessage','title',0);
INSERT INTO item_type_field VALUES('instantMessage','abstractNote',1);
INSERT INTO item_type_field VALUES('instantMessage','date',2);
INSERT INTO item_type_field VALUES('instantMessage','language',3);
INSERT INTO item_type_field VALUES('instantMessage','shortTitle',4);
INSERT INTO item_type_field VALUES('instantMessage','url',5);
INSERT INTO item_type_field VALUES('instantMessage','accessDate',6);
INSERT INTO item_type_field VALUES('instantMessage','rights',7);
INSERT INTO item_type_field VALUES('instantMessage','extra',8);
INSERT INTO item_type_field VALUES('letter','title',0);
INSERT INTO item_type_field VALUES('letter','abstractNote',1);
INSERT INTO item_type_field VALUES('letter','letterType',2);
INSERT INTO item_type_field VALUES('letter','date',3);
INSERT INTO item_type_field VALUES('letter','language',4);
INSERT INTO item_type_field VALUES('letter','shortTitle',5);
INSERT INTO item_type_field VALUES('letter','url',6);
INSERT INTO item_type_field VALUES('letter','accessDate',7);
INSERT INTO item_type_field VALUES('letter','archive',8);
INSERT INTO item_type_field VALUES('letter','archiveLocation',9);
INSERT INTO item_type_field VALUES('letter','libraryCatalog',10);
INSERT INTO item_type_field VALUES('letter','callNumber',11);
INSERT INTO item_type_field VALUES('letter','rights',12);
INSERT INTO item_type_field VALUES('letter','extra',13);
INSERT INTO item_type_field VALUES('interview','title',0);
INSERT INTO item_type_field VALUES('interview','abstractNote',1);
INSERT INTO item_type_field VALUES('interview','date',2);
INSERT INTO item_type_field VALUES('interview','interviewMedium',3);
INSERT INTO item_type_field VALUES('interview','language',4);
INSERT INTO item_type_field VALUES('interview','shortTitle',5);
INSERT INTO item_type_field VALUES('interview','url',6);
INSERT INTO item_type_field VALUES('interview','accessDate',7);
INSERT INTO item_type_field VALUES('interview','archive',8);
INSERT INTO item_type_field VALUES('interview','archiveLocation',9);
INSERT INTO item_type_field VALUES('interview','libraryCatalog',10);
INSERT INTO item_type_field VALUES('interview','callNumber',11);
INSERT INTO item_type_field VALUES('interview','rights',12);
INSERT INTO item_type_field VALUES('interview','extra',13);
INSERT INTO item_type_field VALUES('journalArticle','title',0);
INSERT INTO item_type_field VALUES('journalArticle','abstractNote',1);
INSERT INTO item_type_field VALUES('journalArticle','publicationTitle',2);
INSERT INTO item_type_field VALUES('journalArticle','volume',3);
INSERT INTO item_type_field VALUES('journalArticle','issue',4);
INSERT INTO item_type_field VALUES('journalArticle','pages',5);
INSERT INTO item_type_field VALUES('journalArticle','date',6);
INSERT INTO item_type_field VALUES('journalArticle','series',7);
INSERT INTO item_type_field VALUES('journalArticle','seriesTitle',8);
INSERT INTO item_type_field VALUES('journalArticle','seriesText',9);
INSERT INTO item_type_field VALUES('journalArticle','journalAbbreviation',10);
INSERT INTO item_type_field VALUES('journalArticle','language',11);
INSERT INTO item_type_field VALUES('journalArticle','DOI',12);
INSERT INTO item_type_field VALUES('journalArticle','ISSN',13);
INSERT INTO item_type_field VALUES('journalArticle','shortTitle',14);
INSERT INTO item_type_field VALUES('journalArticle','url',15);
INSERT INTO item_type_field VALUES('journalArticle','accessDate',16);
INSERT INTO item_type_field VALUES('journalArticle','archive',17);
INSERT INTO item_type_field VALUES('journalArticle','archiveLocation',18);
INSERT INTO item_type_field VALUES('journalArticle','libraryCatalog',19);
INSERT INTO item_type_field VALUES('journalArticle','callNumber',20);
INSERT INTO item_type_field VALUES('journalArticle','rights',21);
INSERT INTO item_type_field VALUES('journalArticle','extra',22);
INSERT INTO item_type_field VALUES('manuscript','title',0);
INSERT INTO item_type_field VALUES('manuscript','abstractNote',1);
INSERT INTO item_type_field VALUES('manuscript','manuscriptType',2);
INSERT INTO item_type_field VALUES('manuscript','place',3);
INSERT INTO item_type_field VALUES('manuscript','date',4);
INSERT INTO item_type_field VALUES('manuscript','numPages',5);
INSERT INTO item_type_field VALUES('manuscript','language',6);
INSERT INTO item_type_field VALUES('manuscript','shortTitle',7);
INSERT INTO item_type_field VALUES('manuscript','url',8);
INSERT INTO item_type_field VALUES('manuscript','accessDate',9);
INSERT INTO item_type_field VALUES('manuscript','archive',10);
INSERT INTO item_type_field VALUES('manuscript','archiveLocation',11);
INSERT INTO item_type_field VALUES('manuscript','libraryCatalog',12);
INSERT INTO item_type_field VALUES('manuscript','callNumber',13);
INSERT INTO item_type_field VALUES('manuscript','rights',14);
INSERT INTO item_type_field VALUES('manuscript','extra',15);
INSERT INTO item_type_field VALUES('map','title',0);
INSERT INTO item_type_field VALUES('map','abstractNote',1);
INSERT INTO item_type_field VALUES('map','mapType',2);
INSERT INTO item_type_field VALUES('map','scale',3);
INSERT INTO item_type_field VALUES('map','seriesTitle',4);
INSERT INTO item_type_field VALUES('map','edition',5);
INSERT INTO item_type_field VALUES('map','place',6);
INSERT INTO item_type_field VALUES('map','publisher',7);
INSERT INTO item_type_field VALUES('map','date',8);
INSERT INTO item_type_field VALUES('map','language',9);
INSERT INTO item_type_field VALUES('map','ISBN',10);
INSERT INTO item_type_field VALUES('map','shortTitle',11);
INSERT INTO item_type_field VALUES('map','url',12);
INSERT INTO item_type_field VALUES('map','accessDate',13);
INSERT INTO item_type_field VALUES('map','archive',14);
INSERT INTO item_type_field VALUES('map','archiveLocation',15);
INSERT INTO item_type_field VALUES('map','libraryCatalog',16);
INSERT INTO item_type_field VALUES('map','callNumber',17);
INSERT INTO item_type_field VALUES('map','rights',18);
INSERT INTO item_type_field VALUES('map','extra',19);
INSERT INTO item_type_field VALUES('newspaperArticle','title',0);
INSERT INTO item_type_field VALUES('newspaperArticle','abstractNote',1);
INSERT INTO item_type_field VALUES('newspaperArticle','publicationTitle',2);
INSERT INTO item_type_field VALUES('newspaperArticle','place',3);
INSERT INTO item_type_field VALUES('newspaperArticle','edition',4);
INSERT INTO item_type_field VALUES('newspaperArticle','date',5);
INSERT INTO item_type_field VALUES('newspaperArticle','section',6);
INSERT INTO item_type_field VALUES('newspaperArticle','pages',7);
INSERT INTO item_type_field VALUES('newspaperArticle','language',8);
INSERT INTO item_type_field VALUES('newspaperArticle','shortTitle',9);
INSERT INTO item_type_field VALUES('newspaperArticle','ISSN',10);
INSERT INTO item_type_field VALUES('newspaperArticle','url',11);
INSERT INTO item_type_field VALUES('newspaperArticle','accessDate',12);
INSERT INTO item_type_field VALUES('newspaperArticle','archive',13);
INSERT INTO item_type_field VALUES('newspaperArticle','archiveLocation',14);
INSERT INTO item_type_field VALUES('newspaperArticle','libraryCatalog',15);
INSERT INTO item_type_field VALUES('newspaperArticle','callNumber',16);
INSERT INTO item_type_field VALUES('newspaperArticle','rights',17);
INSERT INTO item_type_field VALUES('newspaperArticle','extra',18);
INSERT INTO item_type_field VALUES('magazineArticle','title',0);
INSERT INTO item_type_field VALUES('magazineArticle','abstractNote',1);
INSERT INTO item_type_field VALUES('magazineArticle','publicationTitle',2);
INSERT INTO item_type_field VALUES('magazineArticle','volume',3);
INSERT INTO item_type_field VALUES('magazineArticle','issue',4);
INSERT INTO item_type_field VALUES('magazineArticle','date',5);
INSERT INTO item_type_field VALUES('magazineArticle','pages',6);
INSERT INTO item_type_field VALUES('magazineArticle','language',7);
INSERT INTO item_type_field VALUES('magazineArticle','ISSN',8);
INSERT INTO item_type_field VALUES('magazineArticle','shortTitle',9);
INSERT INTO item_type_field VALUES('magazineArticle','url',10);
INSERT INTO item_type_field VALUES('magazineArticle','accessDate',11);
INSERT INTO item_type_field VALUES('magazineArticle','archive',12);
INSERT INTO item_type_field VALUES('magazineArticle','archiveLocation',13);
INSERT INTO item_type_field VALUES('magazineArticle','libraryCatalog',14);
INSERT INTO item_type_field VALUES('magazineArticle','callNumber',15);
INSERT INTO item_type_field VALUES('magazineArticle','rights',16);
INSERT INTO item_type_field VALUES('magazineArticle','extra',17);
INSERT INTO item_type_field VALUES('patent','title',0);
INSERT INTO item_type_field VALUES('patent','abstractNote',1);
INSERT INTO item_type_field VALUES('patent','place',2);
INSERT INTO item_type_field VALUES('patent','country',3);
INSERT INTO item_type_field VALUES('patent','assignee',4);
INSERT INTO item_type_field VALUES('patent','issuingAuthority',5);
INSERT INTO item_type_field VALUES('patent','patentNumber',6);
INSERT INTO item_type_field VALUES('patent','filingDate',7);
INSERT INTO item_type_field VALUES('patent','pages',8);
INSERT INTO item_type_field VALUES('patent','applicationNumber',9);
INSERT INTO item_type_field VALUES('patent','priorityNumbers',10);
INSERT INTO item_type_field VALUES('patent','issueDate',11);
INSERT INTO item_type_field VALUES('patent','references',12);
INSERT INTO item_type_field VALUES('patent','legalStatus',13);
INSERT INTO item_type_field VALUES('patent','language',14);
INSERT INTO item_type_field VALUES('patent','shortTitle',15);
INSERT INTO item_type_field VALUES('patent','url',16);
INSERT INTO item_type_field VALUES('patent','accessDate',17);
INSERT INTO item_type_field VALUES('patent','rights',18);
INSERT INTO item_type_field VALUES('patent','extra',19);
INSERT INTO item_type_field VALUES('preprint','title',0);
INSERT INTO item_type_field VALUES('preprint','abstractNote',1);
INSERT INTO item_type_field VALUES('preprint','genre',2);
INSERT INTO item_type_field VALUES('preprint','repository',3);
INSERT INTO item_type_field VALUES('preprint','archiveID',4);
INSERT INTO item_type_field VALUES('preprint','place',5);
INSERT INTO item_type_field VALUES('preprint','date',6);
INSERT INTO item_type_field VALUES('preprint','series',7);
INSERT INTO item_type_field VALUES('preprint','seriesNumber',8);
INSERT INTO item_type_field VALUES('preprint','DOI',9);
INSERT INTO item_type_field VALUES('preprint','citationKey',10);
INSERT INTO item_type_field VALUES('preprint','url',11);
INSERT INTO item_type_field VALUES('preprint','accessDate',12);
INSERT INTO item_type_field VALUES('preprint','archive',13);
INSERT INTO item_type_field VALUES('preprint','archiveLocation',14);
INSERT INTO item_type_field VALUES('preprint','shortTitle',15);
INSERT INTO item_type_field VALUES('preprint','language',16);
INSERT INTO item_type_field VALUES('preprint','libraryCatalog',17);
INSERT INTO item_type_field VALUES('preprint','callNumber',18);
INSERT INTO item_type_field VALUES('preprint','rights',19);
INSERT INTO item_type_field VALUES('preprint','extra',20);
INSERT INTO item_type_field VALUES('podcast','title',0);
INSERT INTO item_type_field VALUES('podcast','abstractNote',1);
INSERT INTO item_type_field VALUES('podcast','seriesTitle',2);
INSERT INTO item_type_field VALUES('podcast','episodeNumber',3);
INSERT INTO item_type_field VALUES('podcast','audioFileType',4);
INSERT INTO item_type_field VALUES('podcast','date',5);
INSERT INTO item_type_field VALUES('podcast','runningTime',6);
INSERT INTO item_type_field VALUES('podcast','url',7);
INSERT INTO item_type_field VALUES('podcast','accessDate',8);
INSERT INTO item_type_field VALUES('podcast','language',9);
INSERT INTO item_type_field VALUES('podcast','shortTitle',10);
INSERT INTO item_type_field VALUES('podcast','rights',11);
INSERT INTO item_type_field VALUES('podcast','extra',12);
INSERT INTO item_type_field VALUES('presentation','title',0);
INSERT INTO item_type_field VALUES('presentation','abstractNote',1);
INSERT INTO item_type_field VALUES('presentation','presentationType',2);
INSERT INTO item_type_field VALUES('presentation','date',3);
INSERT INTO item_type_field VALUES('presentation','place',4);
INSERT INTO item_type_field VALUES('presentation','meetingName',5);
INSERT INTO item_type_field VALUES('presentation','url',6);
INSERT INTO item_type_field VALUES('presentation','accessDate',7);
INSERT INTO item_type_field VALUES('presentation','language',8);
INSERT INTO item_type_field VALUES('presentation','shortTitle',9);
INSERT INTO item_type_field VALUES('presentation','rights',10);
INSERT INTO item_type_field VALUES('presentation','extra',11);
INSERT INTO item_type_field VALUES('radioBroadcast','title',0);
INSERT INTO item_type_field VALUES('radioBroadcast','abstractNote',1);
INSERT INTO item_type_field VALUES('radioBroadcast','programTitle',2);
INSERT INTO item_type_field VALUES('radioBroadcast','episodeNumber',3);
INSERT INTO item_type_field VALUES('radioBroadcast','audioRecordingFormat',4);
INSERT INTO item_type_field VALUES('radioBroadcast','place',5);
INSERT INTO item_type_field VALUES('radioBroadcast','network',6);
INSERT INTO item_type_field VALUES('radioBroadcast','date',7);
INSERT INTO item_type_field VALUES('radioBroadcast','runningTime',8);
INSERT INTO item_type_field VALUES('radioBroadcast','language',9);
INSERT INTO item_type_field VALUES('radioBroadcast','shortTitle',10);
INSERT INTO item_type_field VALUES('radioBroadcast','url',11);
INSERT INTO item_type_field VALUES('radioBroadcast','accessDate',12);
INSERT INTO item_type_field VALUES('radioBroadcast','archive',13);
INSERT INTO item_type_field VALUES('radioBroadcast','archiveLocation',14);
INSERT INTO item_type_field VALUES('radioBroadcast','libraryCatalog',15);
INSERT INTO item_type_field VALUES('radioBroadcast','callNumber',16);
INSERT INTO item_type_field VALUES('radioBroadcast','rights',17);
INSERT INTO item_type_field VALUES('radioBroadcast','extra',18);
INSERT INTO item_type_field VALUES('standard','title',0);
INSERT INTO item_type_field VALUES('standard','abstractNote',1);
INSERT INTO item_type_field VALUES('standard','organization',2);
INSERT INTO item_type_field VALUES('standard','committee',3);
INSERT INTO item_type_field VALUES('standard','type',4);
INSERT INTO item_type_field VALUES('standard','number',5);
INSERT INTO item_type_field VALUES('standard','versionNumber',6);
INSERT INTO item_type_field VALUES('standard','status',7);
INSERT INTO item_type_field VALUES('standard','date',8);
INSERT INTO item_type_field VALUES('standard','publisher',9);
INSERT INTO item_type_field VALUES('standard','place',10);
INSERT INTO item_type_field VALUES('standard','DOI',11);
INSERT INTO item_type_field VALUES('standard','citationKey',12);
INSERT INTO item_type_field VALUES('standard','url',13);
INSERT INTO item_type_field VALUES('standard','accessDate',14);
INSERT INTO item_type_field VALUES('standard','archive',15);
INSERT INTO item_type_field VALUES('standard','archiveLocation',16);
INSERT INTO item_type_field VALUES('standard','shortTitle',17);
INSERT INTO item_type_field VALUES('standard','numPages',18);
INSERT INTO item_type_field VALUES('standard','language',19);
INSERT INTO item_type_field VALUES('standard','libraryCatalog',20);
INSERT INTO item_type_field VALUES('standard','callNumber',21);
INSERT INTO item_type_field VALUES('standard','rights',22);
INSERT INTO item_type_field VALUES('standard','extra',23);
INSERT INTO item_type_field VALUES('report','title',0);
INSERT INTO item_type_field VALUES('report','abstractNote',1);
INSERT INTO item_type_field VALUES('report','reportNumber',2);
INSERT INTO item_type_field VALUES('report','reportType',3);
INSERT INTO item_type_field VALUES('report','seriesTitle',4);
INSERT INTO item_type_field VALUES('report','place',5);
INSERT INTO item_type_field VALUES('report','institution',6);
INSERT INTO item_type_field VALUES('report','date',7);
INSERT INTO item_type_field VALUES('report','pages',8);
INSERT INTO item_type_field VALUES('report','language',9);
INSERT INTO item_type_field VALUES('report','shortTitle',10);
INSERT INTO item_type_field VALUES('report','url',11);
INSERT INTO item_type_field VALUES('report','accessDate',12);
INSERT INTO item_type_field VALUES('report','archive',13);
INSERT INTO item_type_field VALUES('report','archiveLocation',14);
INSERT INTO item_type_field VALUES('report','libraryCatalog',15);
INSERT INTO item_type_field VALUES('report','callNumber',16);
INSERT INTO item_type_field VALUES('report','rights',17);
INSERT INTO item_type_field VALUES('report','extra',18);
INSERT INTO item_type_field VALUES('statute','nameOfAct',0);
INSERT INTO item_type_field VALUES('statute','abstractNote',1);
INSERT INTO item_type_field VALUES('statute','code',2);
INSERT INTO item_type_field VALUES('statute','codeNumber',3);
INSERT INTO item_type_field VALUES('statute','publicLawNumber',4);
INSERT INTO item_type_field VALUES('statute','dateEnacted',5);
INSERT INTO item_type_field VALUES('statute','pages',6);
INSERT INTO item_type_field VALUES('statute','section',7);
INSERT INTO item_type_field VALUES('statute','session',8);
INSERT INTO item_type_field VALUES('statute','history',9);
INSERT INTO item_type_field VALUES('statute','language',10);
INSERT INTO item_type_field VALUES('statute','shortTitle',11);
INSERT INTO item_type_field VALUES('statute','url',12);
INSERT INTO item_type_field VALUES('statute','accessDate',13);
INSERT INTO item_type_field VALUES('statute','rights',14);
INSERT INTO item_type_field VALUES('statute','extra',15);
INSERT INTO item_type_field VALUES('tvBroadcast','title',0);
INSERT INTO item_type_field VALUES('tvBroadcast','abstractNote',1);
INSERT INTO item_type_field VALUES('tvBroadcast','programTitle',2);
INSERT INTO item_type_field VALUES('tvBroadcast','episodeNumber',3);
INSERT INTO item_type_field VALUES('tvBroadcast','videoRecordingFormat',4);
INSERT INTO item_type_field VALUES('tvBroadcast','place',5);
INSERT INTO item_type_field VALUES('tvBroadcast','network',6);
INSERT INTO item_type_field VALUES('tvBroadcast','date',7);
INSERT INTO item_type_field VALUES('tvBroadcast','runningTime',8);
INSERT INTO item_type_field VALUES('tvBroadcast','language',9);
INSERT INTO item_type_field VALUES('tvBroadcast','shortTitle',10);
INSERT INTO item_type_field VALUES('tvBroadcast','url',11);
INSERT INTO item_type_field VALUES('tvBroadcast','accessDate',12);
INSERT INTO item_type_field VALUES('tvBroadcast','archive',13);
INSERT INTO item_type_field VALUES('tvBroadcast','archiveLocation',14);
INSERT INTO item_type_field VALUES('tvBroadcast','libraryCatalog',15);
INSERT INTO item_type_field VALUES('tvBroadcast','callNumber',16);
INSERT INTO item_type_field VALUES('tvBroadcast','rights',17);
INSERT INTO item_type_field VALUES('tvBroadcast','extra',18);
INSERT INTO item_type_field VALUES('webpage','title',0);
INSERT INTO item_type_field VALUES('webpage','abstractNote',1);
INSERT INTO item_type_field VALUES('webpage','websiteTitle',2);
INSERT INTO item_type_field VALUES('webpage','websiteType',3);
INSERT INTO item_type_field VALUES('webpage','date',4);
INSERT INTO item_type_field VALUES('webpage','shortTitle',5);
INSERT INTO item_type_field VALUES('webpage','url',6);
INSERT INTO item_type_field VALUES('webpage','accessDate',7);
INSERT INTO item_type_field VALUES('webpage','language',8);
INSERT INTO item_type_field VALUES('webpage','rights',9);
INSERT INTO item_type_field VALUES('webpage','extra',10);
INSERT INTO item_type_field VALUES('thesis','title',0);
INSERT INTO item_type_field VALUES('thesis','abstractNote',1);
INSERT INTO item_type_field VALUES('thesis','thesisType',2);
INSERT INTO item_type_field VALUES('thesis','university',3);
INSERT INTO item_type_field VALUES('thesis','place',4);
INSERT INTO item_type_field VALUES('thesis','date',5);
INSERT INTO item_type_field VALUES('thesis','numPages',6);
INSERT INTO item_type_field VALUES('thesis','language',7);
INSERT INTO item_type_field VALUES('thesis','shortTitle',8);
INSERT INTO item_type_field VALUES('thesis','url',9);
INSERT INTO item_type_field VALUES('thesis','accessDate',10);
INSERT INTO item_type_field VALUES('thesis','archive',11);
INSERT INTO item_type_field VALUES('thesis','archiveLocation',12);
INSERT INTO item_type_field VALUES('thesis','libraryCatalog',13);
INSERT INTO item_type_field VALUES('thesis','callNumber',14);
INSERT INTO item_type_field VALUES('thesis','rights',15);
INSERT INTO item_type_field VALUES('thesis','extra',16);
INSERT INTO item_type_field VALUES('computerProgram','title',0);
INSERT INTO item_type_field VALUES('computerProgram','abstractNote',1);
INSERT INTO item_type_field VALUES('computerProgram','seriesTitle',2);
INSERT INTO item_type_field VALUES('computerProgram','versionNumber',3);
INSERT INTO item_type_field VALUES('computerProgram','date',4);
INSERT INTO item_type_field VALUES('computerProgram','system',5);
INSERT INTO item_type_field VALUES('computerProgram','place',6);
INSERT INTO item_type_field VALUES('computerProgram','company',7);
INSERT INTO item_type_field VALUES('computerProgram','programmingLanguage',8);
INSERT INTO item_type_field VALUES('computerProgram','ISBN',9);
INSERT INTO item_type_field VALUES('computerProgram','shortTitle',10);
INSERT INTO item_type_field VALUES('computerProgram','url',11);
INSERT INTO item_type_field VALUES('computerProgram','rights',12);
INSERT INTO item_type_field VALUES('computerProgram','archive',13);
INSERT INTO item_type_field VALUES('computerProgram','archiveLocation',14);
INSERT INTO item_type_field VALUES('computerProgram','libraryCatalog',15);
INSERT INTO item_type_field VALUES('computerProgram','callNumber',16);
INSERT INTO item_type_field VALUES('computerProgram','accessDate',17);
INSERT INTO item_type_field VALUES('computerProgram','extra',18);
INSERT INTO item_type_field VALUES('videoRecording','title',0);
INSERT INTO item_type_field VALUES('videoRecording','abstractNote',1);
INSERT INTO item_type_field VALUES('videoRecording','videoRecordingFormat',2);
INSERT INTO item_type_field VALUES('videoRecording','seriesTitle',3);
INSERT INTO item_type_field VALUES('videoRecording','volume',4);
INSERT INTO item_type_field VALUES('videoRecording','numberOfVolumes',5);
INSERT INTO item_type_field VALUES('videoRecording','place',6);
INSERT INTO item_type_field VALUES('videoRecording','studio',7);
INSERT INTO item_type_field VALUES('videoRecording','date',8);
INSERT INTO item_type_field VALUES('videoRecording','runningTime',9);
INSERT INTO item_type_field VALUES('videoRecording','language',10);
INSERT INTO item_type_field VALUES('videoRecording','ISBN',11);
INSERT INTO item_type_field VALUES('videoRecording','shortTitle',12);
INSERT INTO item_type_field VALUES('videoRecording','url',13);
INSERT INTO item_type_field VALUES('videoRecording','accessDate',14);
INSERT INTO item_type_field VALUES('videoRecording','archive',15);
INSERT INTO item_type_field VALUES('videoRecording','archiveLocation',16);
INSERT INTO item_type_field VALUES('videoRecording','libraryCatalog',17);
INSERT INTO item_type_field VALUES('videoRecording','callNumber',18);
INSERT INTO item_type_field VALUES('videoRecording','rights',19);
INSERT INTO item_type_field VALUES('videoRecording','extra',20);
CREATE TABLE item_type_field_locale (
	item_type VARCHAR NOT NULL, 
	field VARCHAR NOT NULL, 
	locale VARCHAR NOT NULL, 
	localized VARCHAR NOT NULL, 
	PRIMARY KEY (item_type, field, locale)
);
INSERT INTO item_type_field_locale VALUES('artwork','title','en-US','Title');
INSERT INTO item_type_field_locale VALUES('artwork','abstractNote','en-US','Abstract');
INSERT INTO item_type_field_locale VALUES('artwork','artworkMedium','en-US','Medium');
INSERT INTO item_type_field_locale VALUES('artwork','artworkSize','en-US','Artwork Size');
INSERT INTO item_type_field_locale VALUES('artwork','date','en-US','Date');
INSERT INTO item_type_field_locale VALUES('artwork','language','en-US','Language');
INSERT INTO item_type_field_locale VALUES('artwork','shortTitle','en-US','Short Title');
INSERT INTO item_type_field_locale VALUES('artwork','archive','en-US','Archive');
INSERT INTO item_type_field_locale VALUES('artwork','archiveLocation','en-US','Loc. in Archive');
INSERT INTO item_type_field_locale VALUES('artwork','libraryCatalog','en-US','Library Catalog');
INSERT INTO item_type_field_locale VALUES('artwork','callNumber','en-US','Call Number');
INSERT INTO item_type_field_locale VALUES('artwork','url','en-US','URL');
INSERT INTO item_type_field_locale VALUES('artwork','accessDate','en-US','Accessed');
INSERT INTO item_type_field_locale VALUES('artwork','rights','en-US','Rights');
INSERT INTO item_type_field_locale VALUES('artwork','extra','en-US','Extra');
INSERT INTO item_type_field_locale VALUES('bill','title','en-US','Title');
INSERT INTO item_type_field_locale VALUES('bill','abstractNote','en-US','Abstract');
INSERT INTO item_type_field_locale VALUES('bill','billNumber','en-US','Bill Number');
INSERT INTO item_type_field_locale VALUES('bill','code','en-US','Code');
INSERT INTO item_type_field_locale VALUES('bill','codeVolume','en-US','Code Volume');
INSERT INTO item_type_field_locale VALUES('bill','section','en-US','Section');
INSERT INTO item_type_field_locale VALUES('bill','codePages','en-US','Code Pages');
INSERT INTO item_type_field_locale VALUES('bill','legislativeBody','en-US','Legislative Body');
INSERT INTO item_type_field_locale VALUES('bill','session','en-US','Session');
INSERT INTO item_type_field_locale VALUES('bill','history','en-US','History');
INSERT INTO item_type_field_locale VALUES('bill','date','en-US','Date');
INSERT INTO item_type_field_locale VALUES('bill','language','en-US','Language');
INSERT INTO item_type_field_locale VALUES('bill','url','en-US','URL');
INSERT INTO item_type_field_locale VALUES('bill','accessDate','en-US','Accessed');
INSERT INTO item_type_field_locale VALUES('bill','shortTitle','en-US','Short Title');
INSERT INTO item_type_field_locale VALUES('bill','rights','en-US','Rights');
INSERT INTO item_type_field_locale VALUES('bill','extra','en-US','Extra');
INSERT INTO item_type_field_locale VALUES('blogPost','title','en-US','Title');
INSERT INTO item_type_field_locale VALUES('blogPost','abstractNote','en-US','Abstract');
INSERT INTO item_type_field_locale VALUES('blogPost','blogTitle','en-US','Blog Title');
INSERT INTO item_type_field_locale VALUES('blogPost','websiteType','en-US','Website Type');
INSERT INTO item_type_field_locale VALUES('blogPost','date','en-US','Date');
INSERT INTO item_type_field_locale VALUES('blogPost','url','en-US','URL');
INSERT INTO item_type_field_locale VALUES('blogPost','accessDate','en-US','Accessed');
INSERT INTO item_type_field_locale VALUES('blogPost','language','en-US','Language');
INSERT INTO item_type_field_locale VALUES('blogPost','shortTitle','en-US','Short Title');
INSERT INTO item_type_field_locale VALUES('blogPost','rights','en-US','Rights');
INSERT INTO item_type_field_locale VALUES('blogPost','extra','en-US','Extra');
INSERT INTO item_type_field_locale VALUES('audioRecording','title','en-US','Title');
INSERT INTO item_type_field_locale VALUES('audioRecording','abstractNote','en-US','Abstract');
INSERT INTO item_type_field_locale VALUES('audioRecording','audioRecordingFormat','en-US','Format');
INSERT INTO item_type_field_locale VALUES('audioRecording','seriesTitle','en-US','Series Title');
INSERT INTO item_type_field_locale VALUES('audioRecording','volume','en-US','Volume');
INSERT INTO item_type_field_locale VALUES('audioRecording','numberOfVolumes','en-US','# of Volumes');
INSERT INTO item_type_field_locale VALUES('audioRecording','place','en-US','Place');
INSERT INTO item_type_field_locale VALUES('audioRecording','label','en-US','Label');
INSERT INTO item_type_field_locale VALUES('audioRecording','date','en-US','Date');
INSERT INTO item_type_field_locale VALUES('audioRecording','runningTime','en-US','Running Time');
INSERT INTO item_type_field_locale VALUES('audioRecording','language','en-US','Language');
INSERT INTO item_type_field_locale VALUES('audioRecording','ISBN','en-US','ISBN');
INSERT INTO item_type_field_locale VALUES('audioRecording','shortTitle','en-US','Short Title');
INSERT INTO item_type_field_locale VALUES('audioRecording','archive','en-US','Archive');
INSERT INTO item_type_field_locale VALUES('audioRecording','archiveLocation','en-US','Loc. in Archive');
INSERT INTO item_type_field_locale VALUES('audioRecording','libraryCatalog','en-US','Library Catalog');
INSERT INTO item_type_field_locale VALUES('audioRecording','callNumber','en-US','Call Number');
INSERT INTO item_type_field_locale VALUES('audioRecording','url','en-US','URL');
INSERT INTO item_type_field_locale VALUES('audioRecording','accessDate','en-US','Accessed');
INSERT INTO item_type_field_locale VALUES('audioRecording','rights','en-US','Rights');
INSERT INTO item_type_field_locale VALUES('audioRecording','extra','en-US','Extra');
INSERT INTO item_type_field_locale VALUES('book','title','en-US','Title');
INSERT INTO item_type_field_locale VALUES('book','abstractNote','en-US','Abstract');
INSERT INTO item_type_field_locale VALUES('book','series','en-US','Series');
INSERT INTO item_type_field_locale VALUES('book','seriesNumber','en-US','Series Number');
INSERT INTO item_type_field_locale VALUES('book','volume','en-US','Volume');
INSERT INTO item_type_field_locale VALUES('book','numberOfVolumes','en-US','# of Volumes');
INSERT INTO item_type_field_locale VALUES('book','edition','en-US','Edition');
INSERT INTO item_type_field_locale VALUES('book','place','en-US','Place');
INSERT INTO item_type_field_locale VALUES('book','publisher','en-US','Publisher');
INSERT INTO item_type_field_locale VALUES('book','date','en-US','Date');
INSERT INTO item_type_field_locale VALUES('book','numPages','en-US','# of Pages');
INSERT INTO item_type_field_locale VALUES('book','language','en-US','Language');
INSERT INTO item_type_field_locale VALUES('book','ISBN','en-US','ISBN');
INSERT INTO item_type_field_locale VALUES('book','shortTitle','en-US','Short Title');
INSERT INTO item_type_field_locale VALUES('book','url','en-US','URL');
INSERT INTO item_type_field_locale VALUES('book','accessDate','en-US','Accessed');
INSERT INTO item_type_field_locale VALUES('book','archive','en-US','Archive');
INSERT INTO item_type_field_locale VALUES('book','archiveLocation','en-US','Loc. in Archive');
INSERT INTO item_type_field_locale VALUES('book','libraryCatalog','en-US','Library Catalog');
INSERT INTO item_type_field_locale VALUES('book','callNumber','en-US','Call Number');
INSERT INTO item_type_field_locale VALUES('book','rights','en-US','Rights');
INSERT INTO item_type_field_locale VALUES('book','extra','en-US','Extra');
INSERT INTO item_type_field_locale VALUES('bookSection','title','en-US','Title');
INSERT INTO item_type_field_locale VALUES('bookSection','abstractNote','en-US','Abstract');
INSERT INTO item_type_field_locale VALUES('bookSection','bookTitle','en-US','Book Title');
INSERT INTO item_type_field_locale VALUES('bookSection','series','en-US','Series');
INSERT INTO item_type_field_locale VALUES('bookSection','seriesNumber','en-US','Series Number');
INSERT INTO item_type_field_locale VALUES('bookSection','volume','en-US','Volume');
INSERT INTO item_type_field_locale VALUES('bookSection','numberOfVolumes','en-US','# of Volumes');
INSERT INTO item_type_field_locale VALUES('bookSection','edition','en-US','Edition');
INSERT INTO item_type_field_locale VALUES('bookSection','place','en-US','Place');
INSERT INTO item_type_field_locale VALUES('bookSection','publisher','en-US','Publisher');
INSERT INTO item_type_field_locale VALUES('bookSection','date','en-US','Date');
INSERT INTO item_type_field_locale VALUES('bookSection','pages','en-US','Pages');
INSERT INTO item_type_field_locale VALUES('bookSection','language','en-US','Language');
INSERT INTO item_type_field_locale VALUES('bookSection','ISBN','en-US','ISBN');
INSERT INTO item_type_field_locale VALUES('bookSection','shortTitle','en-US','Short Title');
INSERT INTO item_type_field_locale VALUES('bookSection','url','en-US','URL');
INSERT INTO item_type_field_locale VALUES('bookSection','accessDate','en-US','Accessed');
INSERT INTO item_type_field_locale VALUES('bookSection','archive','en-US','Archive');
INSERT INTO item_type_field_locale VALUES('bookSection','archiveLocation','en-US','Loc. in Archive');
INSERT INTO item_type_field_locale VALUES('bookSection','libraryCatalog','en-US','Library Catalog');
INSERT INTO item_type_field_locale VALUES('bookSection','callNumber','en-US','Call Number');
INSERT INTO item_type_field_locale VALUES('bookSection','rights','en-US','Rights');
INSERT INTO item_type_field_locale VALUES('bookSection','extra','en-US','Extra');
INSERT INTO item_type_field_locale VALUES('dataset','title','en-US','Title');
INSERT INTO item_type_field_locale VALUES('dataset','abstractNote','en-US','Abstract');
INSERT INTO item_type_field_locale VALUES('dataset','identifier','en-US','Identifier');
INSERT INTO item_type_field_locale VALUES('dataset','type','en-US','Type');
INSERT INTO item_type_field_locale VALUES('dataset','versionNumber','en-US','Version');
INSERT INTO item_type_field_locale VALUES('dataset','date','en-US','Date');
INSERT INTO item_type_field_locale VALUES('dataset','repository','en-US','Repository');
INSERT INTO item_type_field_locale VALUES('dataset','repositoryLocation','en-US','Repo. Location');
INSERT INTO item_type_field_locale VALUES('dataset','format','en-US','Format');
INSERT INTO item_type_field_locale VALUES('dataset','DOI','en-US','DOI');
INSERT INTO item_type_field_locale VALUES('dataset','citationKey','en-US','Citation Key');
INSERT INTO item_type_field_locale VALUES('dataset','url','en-US','URL');
INSERT INTO item_type_field_locale VALUES('dataset','accessDate','en-US','Accessed');
INSERT INTO item_type_field_locale VALUES('dataset','archive','en-US','Archive');
INSERT INTO item_type_field_locale VALUES('dataset','archiveLocation','en-US','Loc. in Archive');
INSERT INTO item_type_field_locale VALUES('dataset','shortTitle','en-US','Short Title');
INSERT INTO item_type_field_locale VALUES('dataset','language','en-US','Language');
INSERT INTO item_type_field_locale VALUES('dataset','libraryCatalog','en-US','Library Catalog');
INSERT INTO item_type_field_locale VALUES('dataset','callNumber','en-US','Call Number');
INSERT INTO item_type_field_locale VALUES('dataset','rights','en-US','Rights');
INSERT INTO item_type_field_locale VALUES('dataset','extra','en-US','Extra');
INSERT INTO item_type_field_locale VALUES('case','caseName','en-US','Case Name');
INSERT INTO item_type_field_locale VALUES('case','abstractNote','en-US','Abstract');
INSERT INTO item_type_field_locale VALUES('case','court','en-US','Court');
INSERT INTO item_type_field_locale VALUES('case','dateDecided','en-US','Date Decided');
INSERT INTO item_type_field_locale VALUES('case','docketNumber','en-US','Docket Number');
INSERT INTO item_type_field_locale VALUES('case','reporter','en-US','Reporter');
INSERT INTO item_type_field_locale VALUES('case','reporterVolume','en-US','Reporter Volume');
INSERT INTO item_type_field_locale VALUES('case','firstPage','en-US','First Page');
INSERT INTO item_type_field_locale VALUES('case','history','en-US','History');
INSERT INTO item_type_field_locale VALUES('case','language','en-US','Language');
INSERT INTO item_type_field_locale VALUES('case','shortTitle','en-US','Short Title');
INSERT INTO item_type_field_locale VALUES('case','url','en-US','URL');
INSERT INTO item_type_field_locale VALUES('case','accessDate','en-US','Accessed');
INSERT INTO item_type_field_locale VALUES('case','rights','en-US','Rights');
INSERT INTO item_type_field_locale VALUES('case','extra','en-US','Extra');
INSERT INTO item_type_field_locale VALUES('conferencePaper','title','en-US','Title');
INSERT INTO item_type_field_locale VALUES('conferencePaper','abstractNote','en-US','Abstract');
INSERT INTO item_type_field_locale VALUES('conferencePaper','date','en-US','Date');
INSERT INTO item_type_field_locale VALUES('conferencePaper','proceedingsTitle','en-US','Proceedings Title');
INSERT INTO item_type_field_locale VALUES('conferencePaper','conferenceName','en-US','Conference Name');
INSERT INTO item_type_field_locale VALUES('conferencePaper','place','en-US','Place');
INSERT INTO item_type_field_locale VALUES('conferencePaper','publisher','en-US','Publisher');
INSERT INTO item_type_field_locale VALUES('conferencePaper','volume','en-US','Volume');
INSERT INTO item_type_field_locale VALUES('conferencePaper','pages','en-US','Pages');
INSERT INTO item_type_field_locale VALUES('conferencePaper','series','en-US','Series');
INSERT INTO item_type_field_locale VALUES('conferencePaper','language','en-US','Language');
INSERT INTO item_type_field_locale VALUES('conferencePaper','DOI','en-US','DOI');
INSERT INTO item_type_field_locale VALUES('conferencePaper','ISBN','en-US','ISBN');
INSERT INTO item_type_field_locale VALUES('conferencePaper','shortTitle','en-US','Short Title');
INSERT INTO item_type_field_locale VALUES('conferencePaper','url','en-US','URL');
INSERT INTO item_type_field_locale VALUES('conferencePaper','accessDate','en-US','Accessed');
INSERT INTO item_type_field_locale VALUES('conferencePaper','archive','en-US','Archive');
INSERT INTO item_type_field_locale VALUES('conferencePaper','archiveLocation','en-US','Loc. in Archive');
INSERT INTO item_type_field_locale VALUES('conferencePaper','libraryCatalog','en-US','Library Catalog');
INSERT INTO item_type_field_locale VALUES('conferencePaper','callNumber','en-US','Call Number');
INSERT INTO item_type_field_locale VALUES('conferencePaper','rights','en-US','Rights');
INSERT INTO item_type_field_locale VALUES('conferencePaper','extra','en-US','Extra');
INSERT INTO item_type_field_locale VALUES('dictionaryEntry','title','en-US','Title');
INSERT INTO item_type_field_locale VALUES('dictionaryEntry','abstractNote','en-US','Abstract');
INSERT INTO item_type_field_locale VALUES('dictionaryEntry','dictionaryTitle','en-US','Dictionary Title');
INSERT INTO item_type_field_locale VALUES('dictionaryEntry','series','en-US','Series');
INSERT INTO item_type_field_locale VALUES('dictionaryEntry','seriesNumber','en-US','Series Number');
INSERT INTO item_type_field_locale VALUES('dictionaryEntry','volume','en-US','Volume');
INSERT INTO item_type_field_locale VALUES('dictionaryEntry','numberOfVolumes','en-US','# of Volumes');
INSERT INTO item_type_field_locale VALUES('dictionaryEntry','edition','en-US','Edition');
INSERT INTO item_type_field_locale VALUES('dictionaryEntry','place','en-US','Place');
INSERT INTO item_type_field_locale VALUES('dictionaryEntry','publisher','en-US','Publisher');
INSERT INTO item_type_field_locale VALUES('dictionaryEntry','date','en-US','Date');
INSERT INTO item_type_field_locale VALUES('dictionaryEntry','pages','en-US','Pages');
INSERT INTO item_type_field_locale VALUES('dictionaryEntry','language','en-US','Language');
INSERT INTO item_type_field_locale VALUES('dictionaryEntry','ISBN','en-US','ISBN');
INSERT INTO item_type_field_locale VALUES('dictionaryEntry','shortTitle','en-US','Short Title');
INSERT INTO item_type_field_locale VALUES('dictionaryEntry','url','en-US','URL');
INSERT INTO item_type_field_locale VALUES('dictionaryEntry','accessDate','en-US','Accessed');
INSERT INTO item_type_field_locale VALUES('dictionaryEntry','archive','en-US','Archive');
INSERT INTO item_type_field_locale VALUES('dictionaryEntry','archiveLocation','en-US','Loc. in Archive');
INSERT INTO item_type_field_locale VALUES('dictionaryEntry','libraryCatalog','en-US','Library Catalog');
INSERT INTO item_type_field_locale VALUES('dictionaryEntry','callNumber','en-US','Call Number');
INSERT INTO item_type_field_locale VALUES('dictionaryEntry','rights','en-US','Rights');
INSERT INTO item_type_field_locale VALUES('dictionaryEntry','extra','en-US','Extra');
INSERT INTO item_type_field_locale VALUES('document','title','en-US','Title');
INSERT INTO item_type_field_locale VALUES('document','abstractNote','en-US','Abstract');
INSERT INTO item_type_field_locale VALUES('document','publisher','en-US','Publisher');
INSERT INTO item_type_field_locale VALUES('document','date','en-US','Date');
INSERT INTO item_type_field_locale VALUES('document','language','en-US','Language');
INSERT INTO item_type_field_locale VALUES('document','shortTitle','en-US','Short Title');
INSERT INTO item_type_field_locale VALUES('document','url','en-US','URL');
INSERT INTO item_type_field_locale VALUES('document','accessDate','en-US','Accessed');
INSERT INTO item_type_field_locale VALUES('document','archive','en-US','Archive');
INSERT INTO item_type_field_locale VALUES('document','archiveLocation','en-US','Loc. in Archive');
INSERT INTO item_type_field_locale VALUES('document','libraryCatalog','en-US','Library Catalog');
INSERT INTO item_type_field_locale VALUES('document','callNumber','en-US','Call Number');
INSERT INTO item_type_field_locale VALUES('document','rights','en-US','Rights');
INSERT INTO item_type_field_locale VALUES('document','extra','en-US','Extra');
INSERT INTO item_type_field_locale VALUES('film','title','en-US','Title');
INSERT INTO item_type_field_locale VALUES('film','abstractNote','en-US','Abstract');
INSERT INTO item_type_field_locale VALUES('film','distributor','en-US','Distributor');
INSERT INTO item_type_field_locale VALUES('film','date','en-US','Date');
INSERT INTO item_type_field_locale VALUES('film','genre','en-US','Genre');
INSERT INTO item_type_field_locale VALUES('film','videoRecordingFormat','en-US','Format');
INSERT INTO item_type_field_locale VALUES('film','runningTime','en-US','Running Time');
INSERT INTO item_type_field_locale VALUES('film','language','en-US','Language');
INSERT INTO item_type_field_locale VALUES('film','shortTitle','en-US','Short Title');
INSERT INTO item_type_field_locale VALUES('film','url','en-US','URL');
INSERT INTO item_type_field_locale VALUES('film','accessDate','en-US','Accessed');
INSERT INTO item_type_field_locale VALUES('film','archive','en-US','Archive');
INSERT INTO item_type_field_locale VALUES('film','archiveLocation','en-US','Loc. in Archive');
INSERT INTO item_type_field_locale VALUES('film','libraryCatalog','en-US','Library Catalog');
INSERT INTO item_type_field_locale VALUES('film','callNumber','en-US','Call Number');
INSERT INTO item_type_field_locale VALUES('film','rights','en-US','Rights');
INSERT INTO item_type_field_locale VALUES('film','extra','en-US','Extra');
INSERT INTO item_type_field_locale VALUES('email','subject','en-US','Subject');
INSERT INTO item_type_field_locale VALUES('email','abstractNote','en-US','Abstract');
INSERT INTO item_type_field_locale VALUES('email','date','en-US','Date');
INSERT INTO item_type_field_locale VALUES('email','shortTitle','en-US','Short Title');
INSERT INTO item_type_field_locale VALUES('email','url','en-US','URL');
INSERT INTO item_type_field_locale VALUES('email','accessDate','en-US','Accessed');
INSERT INTO item_type_field_locale VALUES('email','language','en-US','Language');
INSERT INTO item_type_field_locale VALUES('email','rights','en-US','Rights');
INSERT INTO item_type_field_locale VALUES('email','extra','en-US','Extra');
INSERT INTO item_type_field_locale VALUES('forumPost','title','en-US','Title');
INSERT INTO item_type_field_locale VALUES('forumPost','abstractNote','en-US','Abstract');
INSERT INTO item_type_field_locale VALUES('forumPost','forumTitle','en-US','Forum/Listserv Title');
INSERT INTO item_type_field_locale VALUES('forumPost','postType','en-US','Post Type');
INSERT INTO item_type_field_locale VALUES('forumPost','date','en-US','Date');
INSERT INTO item_type_field_locale VALUES('forumPost','language','en-US','Language');
INSERT INTO item_type_field_locale VALUES('forumPost','shortTitle','en-US','Short Title');
INSERT INTO item_type_field_locale VALUES('forumPost','url','en-US','URL');
INSERT INTO item_type_field_locale VALUES('forumPost','accessDate','en-US','Accessed');
INSERT INTO item_type_field_locale VALUES('forumPost','rights','en-US','Rights');
INSERT INTO item_type_field_locale VALUES('forumPost','extra','en-US','Extra');
INSERT INTO item_type_field_locale VALUES('encyclopediaArticle','title','en-US','Title');
INSERT INTO item_type_field_locale VALUES('encyclopediaArticle','abstractNote','en-US','Abstract');
INSERT INTO item_type_field_locale VALUES('encyclopediaArticle','encyclopediaTitle','en-US','Encyclopedia Title');
INSERT INTO item_type_field_locale VALUES('encyclopediaArticle','series','en-US','Series');
INSERT INTO item_type_field_locale VALUES('encyclopediaArticle','seriesNumber','en-US','Series Number');
INSERT INTO item_type_field_locale VALUES('encyclopediaArticle','volume','en-US','Volume');
INSERT INTO item_type_field_locale VALUES('encyclopediaArticle','numberOfVolumes','en-US','# of Volumes');
INSERT INTO item_type_field_locale VALUES('encyclopediaArticle','edition','en-US','Edition');
INSERT INTO item_type_field_locale VALUES('encyclopediaArticle','place','en-US','Place');
INSERT INTO item_type_field_locale VALUES('encyclopediaArticle','publisher','en-US','Publisher');
INSERT INTO item_type_field_locale VALUES('encyclopediaArticle','date','en-US','Date');
INSERT INTO item_type_field_locale VALUES('encyclopediaArticle','pages','en-US','Pages');
INSERT INTO item_type_field_locale VALUES('encyclopediaArticle','ISBN','en-US','ISBN');
INSERT INTO item_type_field_locale VALUES('encyclopediaArticle','shortTitle','en-US','Short Title');
INSERT INTO item_type_field_locale VALUES('encyclopediaArticle','url','en-US','URL');
INSERT INTO item_type_field_locale VALUES('encyclopediaArticle','accessDate','en-US','Accessed');
INSERT INTO item_type_field_locale VALUES('encyclopediaArticle','language','en-US','Language');
INSERT INTO item_type_field_locale VALUES('encyclopediaArticle','archive','en-US','Archive');
INSERT INTO item_type_field_locale VALUES('encyclopediaArticle','archiveLocation','en-US','Loc. in Archive');
INSERT INTO item_type_field_locale VALUES('encyclopediaArticle','libraryCatalog','en-US','Library Catalog');
INSERT INTO item_type_field_locale VALUES('encyclopediaArticle','callNumber','en-US','Call Number');
INSERT INTO item_type_field_locale VALUES('encyclopediaArticle','rights','en-US','Rights');
INSERT INTO item_type_field_locale VALUES('encyclopediaArticle','extra','en-US','Extra');
INSERT INTO item_type_field_locale VALUES('hearing','title','en-US','Title');
INSERT INTO item_type_field_locale VALUES('hearing','abstractNote','en-US','Abstract');
INSERT INTO item_type_field_locale VALUES('hearing','committee','en-US','Committee');
INSERT INTO item_type_field_locale VALUES('hearing','place','en-US','Place');
INSERT INTO item_type_field_locale VALUES('hearing','publisher','en-US','Publisher');
INSERT INTO item_type_field_locale VALUES('hearing','numberOfVolumes','en-US','# of Volumes');
INSERT INTO item_type_field_locale VALUES('hearing','documentNumber','en-US','Document Number');
INSERT INTO item_type_field_locale VALUES('hearing','pages','en-US','Pages');
INSERT INTO item_type_field_locale VALUES('hearing','legislativeBody','en-US','Legislative Body');
INSERT INTO item_type_field_locale VALUES('hearing','session','en-US','Session');
INSERT INTO item_type_field_locale VALUES('hearing','history','en-US','History');
INSERT INTO item_type_field_locale VALUES('hearing','date','en-US','Date');
INSERT INTO item_type_field_locale VALUES('hearing','language','en-US','Language');
INSERT INTO item_type_field_locale VALUES('hearing','shortTitle','en-US','Short Title');
INSERT INTO item_type_field_locale VALUES('hearing','url','en-US','URL');
INSERT INTO item_type_field_locale VALUES('hearing','accessDate','en-US','Accessed');
INSERT INTO item_type_field_locale VALUES('hearing','rights','en-US','Rights');
INSERT INTO item_type_field_locale VALUES('hearing','extra','en-US','Extra');
INSERT INTO item_type_field_locale VALUES('instantMessage','title','en-US','Title');
INSERT INTO item_type_field_locale VALUES('instantMessage','abstractNote','en-US','Abstract');
INSERT INTO item_type_field_locale VALUES('instantMessage','date','en-US','Date');
INSERT INTO item_type_field_locale VALUES('instantMessage','language','en-US','Language');
INSERT INTO item_type_field_locale VALUES('instantMessage','shortTitle','en-US','Short Title');
INSERT INTO item_type_field_locale VALUES('instantMessage','url','en-US','URL');
INSERT INTO item_type_field_locale VALUES('instantMessage','accessDate','en-US','Accessed');
INSERT INTO item_type_field_locale VALUES('instantMessage','rights','en-US','Rights');
INSERT INTO item_type_field_locale VALUES('instantMessage','extra','en-US','Extra');
INSERT INTO item_type_field_locale VALUES('interview','title','en-US','Title');
INSERT INTO item_type_field_locale VALUES('interview','abstractNote','en-US','Abstract');
INSERT INTO item_type_field_locale VALUES('interview','date','en-US','Date');
INSERT INTO item_type_field_locale VALUES('interview','interviewMedium','en-US','Medium');
INSERT INTO item_type_field_locale VALUES('interview','language','en-US','Language');
INSERT INTO item_type_field_locale VALUES('interview','shortTitle','en-US','Short Title');
INSERT INTO item_type_field_locale VALUES('interview','url','en-US','URL');
INSERT INTO item_type_field_locale VALUES('interview','accessDate','en-US','Accessed');
INSERT INTO item_type_field_locale VALUES('interview','archive','en-US','Archive');
INSERT INTO item_type_field_locale VALUES('interview','archiveLocation','en-US','Loc. in Archive');
INSERT INTO item_type_field_locale VALUES('interview','libraryCatalog','en-US','Library Catalog');
INSERT INTO item_type_field_locale VALUES('interview','callNumber','en-US','Call Number');
INSERT INTO item_type_field_locale VALUES('interview','rights','en-US','Rights');
INSERT INTO item_type_field_locale VALUES('interview','extra','en-US','Extra');
INSERT INTO item_type_field_locale VALUES('letter','title','en-US','Title');
INSERT INTO item_type_field_locale VALUES('letter','abstractNote','en-US','Abstract');
INSERT INTO item_type_field_locale VALUES('letter','letterType','en-US','Type');
INSERT INTO item_type_field_locale VALUES('letter','date','en-US','Date');
INSERT INTO item_type_field_locale VALUES('letter','language','en-US','Language');
INSERT INTO item_type_field_locale VALUES('letter','shortTitle','en-US','Short Title');
INSERT INTO item_type_field_locale VALUES('letter','url','en-US','URL');
INSERT INTO item_type_field_locale VALUES('letter','accessDate','en-US','Accessed');
INSERT INTO item_type_field_locale VALUES('letter','archive','en-US','Archive');
INSERT INTO item_type_field_locale VALUES('letter','archiveLocation','en-US','Loc. in Archive');
INSERT INTO item_type_field_locale VALUES('letter','libraryCatalog','en-US','Library Catalog');
INSERT INTO item_type_field_locale VALUES('letter','callNumber','en-US','Call Number');
INSERT INTO item_type_field_locale VALUES('letter','rights','en-US','Rights');
INSERT INTO item_type_field_locale VALUES('letter','extra','en-US','Extra');
INSERT INTO item_type_field_locale VALUES('journalArticle','title','en-US','Title');
INSERT INTO item_type_field_locale VALUES('journalArticle','abstractNote','en-US','Abstract');
INSERT INTO item_type_field_locale VALUES('journalArticle','publicationTitle','en-US','Publication');
INSERT INTO item_type_field_locale VALUES('journalArticle','volume','en-US','Volume');
INSERT INTO item_type_field_locale VALUES('journalArticle','issue','en-US','Issue');
INSERT INTO item_type_field_locale VALUES('journalArticle','pages','en-US','Pages');
INSERT INTO item_type_field_locale VALUES('journalArticle','date','en-US','Date');
INSERT INTO item_type_field_locale VALUES('journalArticle','series','en-US','Series');
INSERT INTO item_type_field_locale VALUES('journalArticle','seriesTitle','en-US','Series Title');
INSERT INTO item_type_field_locale VALUES('journalArticle','seriesText','en-US','Series Text');
INSERT INTO item_type_field_locale VALUES('journalArticle','journalAbbreviation','en-US','Journal Abbr');
INSERT INTO item_type_field_locale VALUES('journalArticle','language','en-US','Language');
INSERT INTO item_type_field_locale VALUES('journalArticle','DOI','en-US','DOI');
INSERT INTO item_type_field_locale VALUES('journalArticle','ISSN','en-US','ISSN');
INSERT INTO item_type_field_locale VALUES('journalArticle','shortTitle','en-US','Short Title');
INSERT INTO item_type_field_locale VALUES('journalArticle','url','en-US','URL');
INSERT INTO item_type_field_locale VALUES('journalArticle','accessDate','en-US','Accessed');
INSERT INTO item_type_field_locale VALUES('journalArticle','archive','en-US','Archive');
INSERT INTO item_type_field_locale VALUES('journalArticle','archiveLocation','en-US','Loc. in Archive');
INSERT INTO item_type_field_locale VALUES('journalArticle','libraryCatalog','en-US','Library Catalog');
INSERT INTO item_type_field_locale VALUES('journalArticle','callNumber','en-US','Call Number');
INSERT INTO item_type_field_locale VALUES('journalArticle','rights','en-US','Rights');
INSERT INTO item_type_field_locale VALUES('journalArticle','extra','en-US','Extra');
INSERT INTO item_type_field_locale VALUES('manuscript','title','en-US','Title');
INSERT INTO item_type_field_locale VALUES('manuscript','abstractNote','en-US','Abstract');
INSERT INTO item_type_field_locale VALUES('manuscript','manuscriptType','en-US','Type');
INSERT INTO item_type_field_locale VALUES('manuscript','place','en-US','Place');
INSERT INTO item_type_field_locale VALUES('manuscript','date','en-US','Date');
INSERT INTO item_type_field_locale VALUES('manuscript','numPages','en-US','# of Pages');
INSERT INTO item_type_field_locale VALUES('manuscript','language','en-US','Language');
INSERT INTO item_type_field_locale VALUES('manuscript','shortTitle','en-US','Short Title');
INSERT INTO item_type_field_locale VALUES('manuscript','url','en-US','URL');
INSERT INTO item_type_field_locale VALUES('manuscript','accessDate','en-US','Accessed');
INSERT INTO item_type_field_locale VALUES('manuscript','archive','en-US','Archive');
INSERT INTO item_type_field_locale VALUES('manuscript','archiveLocation','en-US','Loc. in Archive');
INSERT INTO item_type_field_locale VALUES('manuscript','libraryCatalog','en-US','Library Catalog');
INSERT INTO item_type_field_locale VALUES('manuscript','callNumber','en-US','Call Number');
INSERT INTO item_type_field_locale VALUES('manuscript','rights','en-US','Rights');
INSERT INTO item_type_field_locale VALUES('manuscript','extra','en-US','Extra');
INSERT INTO item_type_field_locale VALUES('magazineArticle','title','en-US','Title');
INSERT INTO item_type_field_locale VALUES('magazineArticle','abstractNote','en-US','Abstract');
INSERT INTO item_type_field_locale VALUES('magazineArticle','publicationTitle','en-US','Publication');
INSERT INTO item_type_field_locale VALUES('magazineArticle','volume','en-US','Volume');
INSERT INTO item_type_field_locale VALUES('magazineArticle','issue','en-US','Issue');
INSERT INTO item_type_field_locale VALUES('magazineArticle','date','en-US','Date');
INSERT INTO item_type_field_locale VALUES('magazineArticle','pages','en-US','Pages');
INSERT INTO item_type_field_locale VALUES('magazineArticle','language','en-US','Language');
INSERT INTO item_type_field_locale VALUES('magazineArticle','ISSN','en-US','ISSN');
INSERT INTO item_type_field_locale VALUES('magazineArticle','shortTitle','en-US','Short Title');
INSERT INTO item_type_field_locale VALUES('magazineArticle','url','en-US','URL');
INSERT INTO item_type_field_locale VALUES('magazineArticle','accessDate','en-US','Accessed');
INSERT INTO item_type_field_locale VALUES('magazineArticle','archive','en-US','Archive');
INSERT INTO item_type_field_locale VALUES('magazineArticle','archiveLocation','en-US','Loc. in Archive');
INSERT INTO item_type_field_locale VALUES('magazineArticle','libraryCatalog','en-US','Library Catalog');
INSERT INTO item_type_field_locale VALUES('magazineArticle','callNumber','en-US','Call Number');
INSERT INTO item_type_field_locale VALUES('magazineArticle','rights','en-US','Rights');
INSERT INTO item_type_field_locale VALUES('magazineArticle','extra','en-US','Extra');
INSERT INTO item_type_field_locale VALUES('newspaperArticle','title','en-US','Title');
INSERT INTO item_type_field_locale VALUES('newspaperArticle','abstractNote','en-US','Abstract');
INSERT INTO item_type_field_locale VALUES('newspaperArticle','publicationTitle','en-US','Publication');
INSERT INTO item_type_field_locale VALUES('newspaperArticle','place','en-US','Place');
INSERT INTO item_type_field_locale VALUES('newspaperArticle','edition','en-US','Edition');
INSERT INTO item_type_field_locale VALUES('newspaperArticle','date','en-US','Date');
INSERT INTO item_type_field_locale VALUES('newspaperArticle','section','en-US','Section');
INSERT INTO item_type_field_locale VALUES('newspaperArticle','pages','en-US','Pages');
INSERT INTO item_type_field_locale VALUES('newspaperArticle','language','en-US','Language');
INSERT INTO item_type_field_locale VALUES('newspaperArticle','shortTitle','en-US','Short Title');
INSERT INTO item_type_field_locale VALUES('newspaperArticle','ISSN','en-US','ISSN');
INSERT INTO item_type_field_locale VALUES('newspaperArticle','url','en-US','URL');
INSERT INTO item_type_field_locale VALUES('newspaperArticle','accessDate','en-US','Accessed');
INSERT INTO item_type_field_locale VALUES('newspaperArticle','archive','en-US','Archive');
INSERT INTO item_type_field_locale VALUES('newspaperArticle','archiveLocation','en-US','Loc. in Archive');
INSERT INTO item_type_field_locale VALUES('newspaperArticle','libraryCatalog','en-US','Library Catalog');
INSERT INTO item_type_field_locale VALUES('newspaperArticle','callNumber','en-US','Call Number');
INSERT INTO item_type_field_locale VALUES('newspaperArticle','rights','en-US','Rights');
INSERT INTO item_type_field_locale VALUES('newspaperArticle','extra','en-US','Extra');
INSERT INTO item_type_field_locale VALUES('patent','title','en-US','Title');
INSERT INTO item_type_field_locale VALUES('patent','abstractNote','en-US','Abstract');
INSERT INTO item_type_field_locale VALUES('patent','place','en-US','Place');
INSERT INTO item_type_field_locale VALUES('patent','country','en-US','Country');
INSERT INTO item_type_field_locale VALUES('patent','assignee','en-US','Assignee');
INSERT INTO item_type_field_locale VALUES('patent','issuingAuthority','en-US','Issuing Authority');
INSERT INTO item_type_field_locale VALUES('patent','patentNumber','en-US','Patent Number');
INSERT INTO item_type_field_locale VALUES('patent','filingDate','en-US','Filing Date');
INSERT INTO item_type_field_locale VALUES('patent','pages','en-US','Pages');
INSERT INTO item_type_field_locale VALUES('patent','applicationNumber','en-US','Application Number');
INSERT INTO item_type_field_locale VALUES('patent','priorityNumbers','en-US','Priority Numbers');
INSERT INTO item_type_field_locale VALUES('patent','issueDate','en-US','Issue Date');
INSERT INTO item_type_field_locale VALUES('patent','references','en-US','References');
INSERT INTO item_type_field_locale VALUES('patent','legalStatus','en-US','Legal Status');
INSERT INTO item_type_field_locale VALUES('patent','language','en-US','Language');
INSERT INTO item_type_field_locale VALUES('patent','shortTitle','en-US','Short Title');
INSERT INTO item_type_field_locale VALUES('patent','url','en-US','URL');
INSERT INTO item_type_field_locale VALUES('patent','accessDate','en-US','Accessed');
INSERT INTO item_type_field_locale VALUES('patent','rights','en-US','Rights');
INSERT INTO item_type_field_locale VALUES('patent','extra','en-US','Extra');
INSERT INTO item_type_field_locale VALUES('podcast','title','en-US','Title');
INSERT INTO item_type_field_locale VALUES('podcast','abstractNote','en-US','Abstract');
INSERT INTO item_type_field_locale VALUES('podcast','seriesTitle','en-US','Series Title');
INSERT INTO item_type_field_locale VALUES('podcast','episodeNumber','en-US','Episode Number');
INSERT INTO item_type_field_locale VALUES('podcast','audioFileType','en-US','File Type');
INSERT INTO item_type_field_locale VALUES('podcast','date','en-US','Date');
INSERT INTO item_type_field_locale VALUES('podcast','runningTime','en-US','Running Time');
INSERT INTO item_type_field_locale VALUES('podcast','url','en-US','URL');
INSERT INTO item_type_field_locale VALUES('podcast','accessDate','en-US','Accessed');
INSERT INTO item_type_field_locale VALUES('podcast','language','en-US','Language');
INSERT INTO item_type_field_locale VALUES('podcast','shortTitle','en-US','Short Title');
INSERT INTO item_type_field_locale VALUES('podcast','rights','en-US','Rights');
INSERT INTO item_type_field_locale VALUES('podcast','extra','en-US','Extra');
INSERT INTO item_type_field_locale VALUES('map','title','en-US','Title');
INSERT INTO item_type_field_locale VALUES('map','abstractNote','en-US','Abstract');
INSERT INTO item_type_field_locale VALUES('map','mapType','en-US','Type');
INSERT INTO item_type_field_locale VALUES('map','scale','en-US','Scale');
INSERT INTO item_type_field_locale VALUES('map','seriesTitle','en-US','Series Title');
INSERT INTO item_type_field_locale VALUES('map','edition','en-US','Edition');
INSERT INTO item_type_field_locale VALUES('map','place','en-US','Place');
INSERT INTO item_type_field_locale VALUES('map','publisher','en-US','Publisher');
INSERT INTO item_type_field_locale VALUES('map','date','en-US','Date');
INSERT INTO item_type_field_locale VALUES('map','language','en-US','Language');
INSERT INTO item_type_field_locale VALUES('map','ISBN','en-US','ISBN');
INSERT INTO item_type_field_locale VALUES('map','shortTitle','en-US','Short Title');
INSERT INTO item_type_field_locale VALUES('map','url','en-US','URL');
INSERT INTO item_type_field_locale VALUES('map','accessDate','en-US','Accessed');
INSERT INTO item_type_field_locale VALUES('map','archive','en-US','Archive');
INSERT INTO item_type_field_locale VALUES('map','archiveLocation','en-US','Loc. in Archive');
INSERT INTO item_type_field_locale VALUES('map','libraryCatalog','en-US','Library Catalog');
INSERT INTO item_type_field_locale VALUES('map','callNumber','en-US','Call Number');
INSERT INTO item_type_field_locale VALUES('map','rights','en-US','Rights');
INSERT INTO item_type_field_locale VALUES('map','extra','en-US','Extra');
INSERT INTO item_type_field_locale VALUES('presentation','title','en-US','Title');
INSERT INTO item_type_field_locale VALUES('presentation','abstractNote','en-US','Abstract');
INSERT INTO item_type_field_locale VALUES('presentation','presentationType','en-US','Type');
INSERT INTO item_type_field_locale VALUES('presentation','date','en-US','Date');
INSERT INTO item_type_field_locale VALUES('presentation','place','en-US','Place');
INSERT INTO item_type_field_locale VALUES('presentation','meetingName','en-US','Meeting Name');
INSERT INTO item_type_field_locale VALUES('presentation','url','en-US','URL');
INSERT INTO item_type_field_locale VALUES('presentation','accessDate','en-US','Accessed');
INSERT INTO item_type_field_locale VALUES('presentation','language','en-US','Language');
INSERT INTO item_type_field_locale VALUES('presentation','shortTitle','en-US','Short Title');
INSERT INTO item_type_field_locale VALUES('presentation','rights','en-US','Rights');
INSERT INTO item_type_field_locale VALUES('presentation','extra','en-US','Extra');
INSERT INTO item_type_field_locale VALUES('radioBroadcast','title','en-US','Title');
INSERT INTO item_type_field_locale VALUES('radioBroadcast','abstractNote','en-US','Abstract');
INSERT INTO item_type_field_locale VALUES('radioBroadcast','programTitle','en-US','Program Title');
INSERT INTO item_type_field_locale VALUES('radioBroadcast','episodeNumber','en-US','Episode Number');
INSERT INTO item_type_field_locale VALUES('radioBroadcast','audioRecordingFormat','en-US','Format');
INSERT INTO item_type_field_locale VALUES('radioBroadcast','place','en-US','Place');
INSERT INTO item_type_field_locale VALUES('radioBroadcast','network','en-US','Network');
INSERT INTO item_type_field_locale VALUES('radioBroadcast','date','en-US','Date');
INSERT INTO item_type_field_locale VALUES('radioBroadcast','runningTime','en-US','Running Time');
INSERT INTO item_type_field_locale VALUES('radioBroadcast','language','en-US','Language');
INSERT INTO item_type_field_locale VALUES('radioBroadcast','shortTitle','en-US','Short Title');
INSERT INTO item_type_field_locale VALUES('radioBroadcast','url','en-US','URL');
INSERT INTO item_type_field_locale VALUES('radioBroadcast','accessDate','en-US','Accessed');
INSERT INTO item_type_field_locale VALUES('radioBroadcast','archive','en-US','Archive');
INSERT INTO item_type_field_locale VALUES('radioBroadcast','archiveLocation','en-US','Loc. in Archive');
INSERT INTO item_type_field_locale VALUES('radioBroadcast','libraryCatalog','en-US','Library Catalog');
INSERT INTO item_type_field_locale VALUES('radioBroadcast','callNumber','en-US','Call Number');
INSERT INTO item_type_field_locale VALUES('radioBroadcast','rights','en-US','Rights');
INSERT INTO item_type_field_locale VALUES('radioBroadcast','extra','en-US','Extra');
INSERT INTO item_type_field_locale VALUES('report','title','en-US','Title');
INSERT INTO item_type_field_locale VALUES('report','abstractNote','en-US','Abstract');
INSERT INTO item_type_field_locale VALUES('report','reportNumber','en-US','Report Number');
INSERT INTO item_type_field_locale VALUES('report','reportType','en-US','Report Type');
INSERT INTO item_type_field_locale VALUES('report','seriesTitle','en-US','Series Title');
INSERT INTO item_type_field_locale VALUES('report','place','en-US','Place');
INSERT INTO item_type_field_locale VALUES('report','institution','en-US','Institution');
INSERT INTO item_type_field_locale VALUES('report','date','en-US','Date');
INSERT INTO item_type_field_locale VALUES('report','pages','en-US','Pages');
INSERT INTO item_type_field_locale VALUES('report','language','en-US','Language');
INSERT INTO item_type_field_locale VALUES('report','shortTitle','en-US','Short Title');
INSERT INTO item_type_field_locale VALUES('report','url','en-US','URL');
INSERT INTO item_type_field_locale VALUES('report','accessDate','en-US','Accessed');
INSERT INTO item_type_field_locale VALUES('report','archive','en-US','Archive');
INSERT INTO item_type_field_locale VALUES('report','archiveLocation','en-US','Loc. in Archive');
INSERT INTO item_type_field_locale VALUES('report','libraryCatalog','en-US','Library Catalog');
INSERT INTO item_type_field_locale VALUES('report','callNumber','en-US','Call Number');
INSERT INTO item_type_field_locale VALUES('report','rights','en-US','Rights');
INSERT INTO item_type_field_locale VALUES('report','extra','en-US','Extra');
INSERT INTO item_type_field_locale VALUES('computerProgram','title','en-US','Title');
INSERT INTO item_type_field_locale VALUES('computerProgram','abstractNote','en-US','Abstract');
INSERT INTO item_type_field_locale VALUES('computerProgram','seriesTitle','en-US','Series Title');
INSERT INTO item_type_field_locale VALUES('computerProgram','versionNumber','en-US','Version');
INSERT INTO item_type_field_locale VALUES('computerProgram','date','en-US','Date');
INSERT INTO item_type_field_locale VALUES('computerProgram','system','en-US','System');
INSERT INTO item_type_field_locale VALUES('computerProgram','place','en-US','Place');
INSERT INTO item_type_field_locale VALUES('computerProgram','company','en-US','Company');
INSERT INTO item_type_field_locale VALUES('computerProgram','programmingLanguage','en-US','Prog. Language');
INSERT INTO item_type_field_locale VALUES('computerProgram','ISBN','en-US','ISBN');
INSERT INTO item_type_field_locale VALUES('computerProgram','shortTitle','en-US','Short Title');
INSERT INTO item_type_field_locale VALUES('computerProgram','url','en-US','URL');
INSERT INTO item_type_field_locale VALUES('computerProgram','rights','en-US','Rights');
INSERT INTO item_type_field_locale VALUES('computerProgram','archive','en-US','Archive');
INSERT INTO item_type_field_locale VALUES('computerProgram','archiveLocation','en-US','Loc. in Archive');
INSERT INTO item_type_field_locale VALUES('computerProgram','libraryCatalog','en-US','Library Catalog');
INSERT INTO item_type_field_locale VALUES('computerProgram','callNumber','en-US','Call Number');
INSERT INTO item_type_field_locale VALUES('computerProgram','accessDate','en-US','Accessed');
INSERT INTO item_type_field_locale VALUES('computerProgram','extra','en-US','Extra');
INSERT INTO item_type_field_locale VALUES('standard','title','en-US','Title');
INSERT INTO item_type_field_locale VALUES('standard','abstractNote','en-US','Abstract');
INSERT INTO item_type_field_locale VALUES('standard','organization','en-US','Organization');
INSERT INTO item_type_field_locale VALUES('standard','committee','en-US','Committee');
INSERT INTO item_type_field_locale VALUES('standard','type','en-US','Type');
INSERT INTO item_type_field_locale VALUES('standard','number','en-US','Number');
INSERT INTO item_type_field_locale VALUES('standard','versionNumber','en-US','Version');
INSERT INTO item_type_field_locale VALUES('standard','status','en-US','Status');
INSERT INTO item_type_field_locale VALUES('standard','date','en-US','Date');
INSERT INTO item_type_field_locale VALUES('standard','publisher','en-US','Publisher');
INSERT INTO item_type_field_locale VALUES('standard','place','en-US','Place');
INSERT INTO item_type_field_locale VALUES('standard','DOI','en-US','DOI');
INSERT INTO item_type_field_locale VALUES('standard','citationKey','en-US','Citation Key');
INSERT INTO item_type_field_locale VALUES('standard','url','en-US','URL');
INSERT INTO item_type_field_locale VALUES('standard','accessDate','en-US','Accessed');
INSERT INTO item_type_field_locale VALUES('standard','archive','en-US','Archive');
INSERT INTO item_type_field_locale VALUES('standard','archiveLocation','en-US','Loc. in Archive');
INSERT INTO item_type_field_locale VALUES('standard','shortTitle','en-US','Short Title');
INSERT INTO item_type_field_locale VALUES('standard','numPages','en-US','# of Pages');
INSERT INTO item_type_field_locale VALUES('standard','language','en-US','Language');
INSERT INTO item_type_field_locale VALUES('standard','libraryCatalog','en-US','Library Catalog');
INSERT INTO item_type_field_locale VALUES('standard','callNumber','en-US','Call Number');
INSERT INTO item_type_field_locale VALUES('standard','rights','en-US','Rights');
INSERT INTO item_type_field_locale VALUES('standard','extra','en-US','Extra');
INSERT INTO item_type_field_locale VALUES('statute','nameOfAct','en-US','Name of Act');
INSERT INTO item_type_field_locale VALUES('statute','abstractNote','en-US','Abstract');
INSERT INTO item_type_field_locale VALUES('statute','code','en-US','Code');
INSERT INTO item_type_field_locale VALUES('statute','codeNumber','en-US','Code Number');
INSERT INTO item_type_field_locale VALUES('statute','publicLawNumber','en-US','Public Law Number');
INSERT INTO item_type_field_locale VALUES('statute','dateEnacted','en-US','Date Enacted');
INSERT INTO item_type_field_locale VALUES('statute','pages','en-US','Pages');
INSERT INTO item_type_field_locale VALUES('statute','section','en-US','Section');
INSERT INTO item_type_field_locale VALUES('statute','session','en-US','Session');
INSERT INTO item_type_field_locale VALUES('statute','history','en-US','History');
INSERT INTO item_type_field_locale VALUES('statute','language','en-US','Language');
INSERT INTO item_type_field_locale VALUES('statute','shortTitle','en-US','Short Title');
INSERT INTO item_type_field_locale VALUES('statute','url','en-US','URL');
INSERT INTO item_type_field_locale VALUES('statute','accessDate','en-US','Accessed');
INSERT INTO item_type_field_locale VALUES('statute','rights','en-US','Rights');
INSERT INTO item_type_field_locale VALUES('statute','extra','en-US','Extra');
INSERT INTO item_type_field_locale VALUES('tvBroadcast','title','en-US','Title');
INSERT INTO item_type_field_locale VALUES('tvBroadcast','abstractNote','en-US','Abstract');
INSERT INTO item_type_field_locale VALUES('tvBroadcast','programTitle','en-US','Program Title');
INSERT INTO item_type_field_locale VALUES('tvBroadcast','episodeNumber','en-US','Episode Number');
INSERT INTO item_type_field_locale VALUES('tvBroadcast','videoRecordingFormat','en-US','Format');
INSERT INTO item_type_field_locale VALUES('tvBroadcast','place','en-US','Place');
INSERT INTO item_type_field_locale VALUES('tvBroadcast','network','en-US','Network');
INSERT INTO item_type_field_locale VALUES('tvBroadcast','date','en-US','Date');
INSERT INTO item_type_field_locale VALUES('tvBroadcast','runningTime','en-US','Running Time');
INSERT INTO item_type_field_locale VALUES('tvBroadcast','language','en-US','Language');
INSERT INTO item_type_field_locale VALUES('tvBroadcast','shortTitle','en-US','Short Title');
INSERT INTO item_type_field_locale VALUES('tvBroadcast','url','en-US','URL');
INSERT INTO item_type_field_locale VALUES('tvBroadcast','accessDate','en-US','Accessed');
INSERT INTO item_type_field_locale VALUES('tvBroadcast','archive','en-US','Archive');
INSERT INTO item_type_field_locale VALUES('tvBroadcast','archiveLocation','en-US','Loc. in Archive');
INSERT INTO item_type_field_locale VALUES('tvBroadcast','libraryCatalog','en-US','Library Catalog');
INSERT INTO item_type_field_locale VALUES('tvBroadcast','callNumber','en-US','Call Number');
INSERT INTO item_type_field_locale VALUES('tvBroadcast','rights','en-US','Rights');
INSERT INTO item_type_field_locale VALUES('tvBroadcast','extra','en-US','Extra');
INSERT INTO item_type_field_locale VALUES('videoRecording','title','en-US','Title');
INSERT INTO item_type_field_locale VALUES('videoRecording','abstractNote','en-US','Abstract');
INSERT INTO item_type_field_locale VALUES('videoRecording','videoRecordingFormat','en-US','Format');
INSERT INTO item_type_field_locale VALUES('videoRecording','seriesTitle','en-US','Series Title');
INSERT INTO item_type_field_locale VALUES('videoRecording','volume','en-US','Volume');
INSERT INTO item_type_field_locale VALUES('videoRecording','numberOfVolumes','en-US','# of Volumes');
INSERT INTO item_type_field_locale VALUES('videoRecording','place','en-US','Place');
INSERT INTO item_type_field_locale VALUES('videoRecording','studio','en-US','Studio');
INSERT INTO item_type_field_locale VALUES('videoRecording','date','en-US','Date');
INSERT INTO item_type_field_locale VALUES('videoRecording','runningTime','en-US','Running Time');
INSERT INTO item_type_field_locale VALUES('videoRecording','language','en-US','Language');
INSERT INTO item_type_field_locale VALUES('videoRecording','ISBN','en-US','ISBN');
INSERT INTO item_type_field_locale VALUES('videoRecording','shortTitle','en-US','Short Title');
INSERT INTO item_type_field_locale VALUES('videoRecording','url','en-US','URL');
INSERT INTO item_type_field_locale VALUES('videoRecording','accessDate','en-US','Accessed');
INSERT INTO item_type_field_locale VALUES('videoRecording','archive','en-US','Archive');
INSERT INTO item_type_field_locale VALUES('videoRecording','archiveLocation','en-US','Loc. in Archive');
INSERT INTO item_type_field_locale VALUES('videoRecording','libraryCatalog','en-US','Library Catalog');
INSERT INTO item_type_field_locale VALUES('videoRecording','callNumber','en-US','Call Number');
INSERT INTO item_type_field_locale VALUES('videoRecording','rights','en-US','Rights');
INSERT INTO item_type_field_locale VALUES('videoRecording','extra','en-US','Extra');
INSERT INTO item_type_field_locale VALUES('webpage','title','en-US','Title');
INSERT INTO item_type_field_locale VALUES('webpage','abstractNote','en-US','Abstract');
INSERT INTO item_type_field_locale VALUES('webpage','websiteTitle','en-US','Website Title');
INSERT INTO item_type_field_locale VALUES('webpage','websiteType','en-US','Website Type');
INSERT INTO item_type_field_locale VALUES('webpage','date','en-US','Date');
INSERT INTO item_type_field_locale VALUES('webpage','shortTitle','en-US','Short Title');
INSERT INTO item_type_field_locale VALUES('webpage','url','en-US','URL');
INSERT INTO item_type_field_locale VALUES('webpage','accessDate','en-US','Accessed');
INSERT INTO item_type_field_locale VALUES('webpage','language','en-US','Language');
INSERT INTO item_type_field_locale VALUES('webpage','rights','en-US','Rights');
INSERT INTO item_type_field_locale VALUES('webpage','extra','en-US','Extra');
INSERT INTO item_type_field_locale VALUES('thesis','title','en-US','Title');
INSERT INTO item_type_field_locale VALUES('thesis','abstractNote','en-US','Abstract');
INSERT INTO item_type_field_locale VALUES('thesis','thesisType','en-US','Type');
INSERT INTO item_type_field_locale VALUES('thesis','university','en-US','University');
INSERT INTO item_type_field_locale VALUES('thesis','place','en-US','Place');
INSERT INTO item_type_field_locale VALUES('thesis','date','en-US','Date');
INSERT INTO item_type_field_locale VALUES('thesis','numPages','en-US','# of Pages');
INSERT INTO item_type_field_locale VALUES('thesis','language','en-US','Language');
INSERT INTO item_type_field_locale VALUES('thesis','shortTitle','en-US','Short Title');
INSERT INTO item_type_field_locale VALUES('thesis','url','en-US','URL');
INSERT INTO item_type_field_locale VALUES('thesis','accessDate','en-US','Accessed');
INSERT INTO item_type_field_locale VALUES('thesis','archive','en-US','Archive');
INSERT INTO item_type_field_locale VALUES('thesis','archiveLocation','en-US','Loc. in Archive');
INSERT INTO item_type_field_locale VALUES('thesis','libraryCatalog','en-US','Library Catalog');
INSERT INTO item_type_field_locale VALUES('thesis','callNumber','en-US','Call Number');
INSERT INTO item_type_field_locale VALUES('thesis','rights','en-US','Rights');
INSERT INTO item_type_field_locale VALUES('thesis','extra','en-US','Extra');
INSERT INTO item_type_field_locale VALUES('preprint','title','en-US','Title');
INSERT INTO item_type_field_locale VALUES('preprint','abstractNote','en-US','Abstract');
INSERT INTO item_type_field_locale VALUES('preprint','genre','en-US','Genre');
INSERT INTO item_type_field_locale VALUES('preprint','repository','en-US','Repository');
INSERT INTO item_type_field_locale VALUES('preprint','archiveID','en-US','Archive ID');
INSERT INTO item_type_field_locale VALUES('preprint','place','en-US','Place');
INSERT INTO item_type_field_locale VALUES('preprint','date','en-US','Date');
INSERT INTO item_type_field_locale VALUES('preprint','series','en-US','Series');
INSERT INTO item_type_field_locale VALUES('preprint','seriesNumber','en-US','Series Number');
INSERT INTO item_type_field_locale VALUES('preprint','DOI','en-US','DOI');
INSERT INTO item_type_field_locale VALUES('preprint','citationKey','en-US','Citation Key');
INSERT INTO item_type_field_locale VALUES('preprint','url','en-US','URL');
INSERT INTO item_type_field_locale VALUES('preprint','accessDate','en-US','Accessed');
INSERT INTO item_type_field_locale VALUES('preprint','archive','en-US','Archive');
INSERT INTO item_type_field_locale VALUES('preprint','archiveLocation','en-US','Loc. in Archive');
INSERT INTO item_type_field_locale VALUES('preprint','shortTitle','en-US','Short Title');
INSERT INTO item_type_field_locale VALUES('preprint','language','en-US','Language');
INSERT INTO item_type_field_locale VALUES('preprint','libraryCatalog','en-US','Library Catalog');
INSERT INTO item_type_field_locale VALUES('preprint','callNumber','en-US','Call Number');
INSERT INTO item_type_field_locale VALUES('preprint','rights','en-US','Rights');
INSERT INTO item_type_field_locale VALUES('preprint','extra','en-US','Extra');
CREATE TABLE item_type_creator_type (
	item_type VARCHAR NOT NULL, 
	creator_type VARCHAR NOT NULL, 
	position INTEGER NOT NULL, 
	PRIMARY KEY (item_type, creator_type)
);
INSERT INTO item_type_creator_type VALUES('artwork','artist',0);
INSERT INTO item_type_creator_type VALUES('artwork','contributor',1);
INSERT INTO item_type_creator_type VALUES('audioRecording','performer',0);
INSERT INTO item_type_creator_type VALUES('audioRecording','composer',1);
INSERT INTO item_type_creator_type VALUES('audioRecording','contributor',2);
INSERT INTO item_type_creator_type VALUES('audioRecording','wordsBy',3);
INSERT INTO item_type_creator_type VALUES('bill','sponsor',0);
INSERT INTO item_type_creator_type VALUES('bill','contributor',1);
INSERT INTO item_type_creator_type VALUES('bill','cosponsor',2);
INSERT INTO item_type_creator_type VALUES('blogPost','author',0);
INSERT INTO item_type_creator_type VALUES('blogPost','commenter',1);
INSERT INTO item_type_creator_type VALUES('blogPost','contributor',2);
INSERT INTO item_type_creator_type VALUES('book','author',0);
INSERT INTO item_type_creator_type VALUES('book','contributor',1);
INSERT INTO item_type_creator_type VALUES('book','editor',2);
INSERT INTO item_type_creator_type VALUES('book','seriesEditor',3);
INSERT INTO item_type_creator_type VALUES('book','translator',4);
INSERT INTO item_type_creator_type VALUES('bookSection','author',0);
INSERT INTO item_type_creator_type VALUES('bookSection','bookAuthor',1);
INSERT INTO item_type_creator_type VALUES('bookSection','contributor',2);
INSERT INTO item_type_creator_type VALUES('bookSection','editor',3);
INSERT INTO item_type_creator_type VALUES('bookSection','seriesEditor',4);
INSERT INTO item_type_creator_type VALUES('bookSection','translator',5);
INSERT INTO item_type_creator_type VALUES('dataset','author',0);
INSERT INTO item_type_creator_type VALUES('dataset','contributor',1);
INSERT INTO item_type_creator_type VALUES('case','author',0);
INSERT INTO item_type_creator_type VALUES('case','contributor',1);
INSERT INTO item_type_creator_type VALUES('case','counsel',2);
INSERT INTO item_type_creator_type VALUES('conferencePaper','author',0);
INSERT INTO item_type_creator_type VALUES('conferencePaper','contributor',1);
INSERT INTO item_type_creator_type VALUES('conferencePaper','editor',2);
INSERT INTO item_type_creator_type VALUES('conferencePaper','seriesEditor',3);
INSERT INTO item_type_creator_type VALUES('conferencePaper','translator',4);
INSERT INTO item_type_creator_type VALUES('dictionaryEntry','author',0);
INSERT INTO item_type_creator_type VALUES('dictionaryEntry','contributor',1);
INSERT INTO item_type_creator_type VALUES('dictionaryEntry','editor',2);
INSERT INTO item_type_creator_type VALUES('dictionaryEntry','seriesEditor',3);
INSERT INTO item_type_creator_type VALUES('dictionaryEntry','translator',4);
INSERT INTO item_type_creator_type VALUES('document','author',0);
INSERT INTO item_type_creator_type VALUES('document','contributor',1);
INSERT INTO item_type_creator_type VALUES('document','editor',2);
INSERT INTO item_type_creator_type VALUES('document','reviewedAuthor',3);
INSERT INTO item_type_creator_type VALUES('document','translator',4);
INSERT INTO item_type_creator_type VALUES('film','director',0);
INSERT INTO item_type_creator_type VALUES('film','contributor',1);
INSERT INTO item_type_creator_type VALUES('film','producer',2);
INSERT INTO item_type_creator_type VALUES('film','scriptwriter',3);
INSERT INTO item_type_creator_type VALUES('encyclopediaArticle','author',0);
INSERT INTO item_type_creator_type VALUES('encyclopediaArticle','contributor',1);
INSERT INTO item_type_creator_type VALUES('encyclopediaArticle','editor',2);
INSERT INTO item_type_creator_type VALUES('encyclopediaArticle','seriesEditor',3);
INSERT INTO item_type_creator_type VALUES('encyclopediaArticle','translator',4);
INSERT INTO item_type_creator_type VALUES('email','author',0);
INSERT INTO item_type_creator_type VALUES('email','contributor',1);
INSERT INTO item_type_creator_type VALUES('email','recipient',2);
INSERT INTO item_type_creator_type VALUES('forumPost','author',0);
INSERT INTO item_type_creator_type VALUES('forumPost','contributor',1);
INSERT INTO item_type_creator_type VALUES('hearing','contributor',0);
INSERT INTO item_type_creator_type VALUES('instantMessage','author',0);
INSERT INTO item_type_creator_type VALUES('instantMessage','contributor',1);
INSERT INTO item_type_creator_type VALUES('instantMessage','recipient',2);
INSERT INTO item_type_creator_type VALUES('interview','interviewee',0);
INSERT INTO item_type_creator_type VALUES('interview','contributor',1);
INSERT INTO item_type_creator_type VALUES('interview','interviewer',2);
INSERT INTO item_type_creator_type VALUES('interview','translator',3);
INSERT INTO item_type_creator_type VALUES('letter','author',0);
INSERT INTO item_type_creator_type VALUES('letter','contributor',1);
INSERT INTO item_type_creator_type VALUES('letter','recipient',2);
INSERT INTO item_type_creator_type VALUES('journalArticle','author',0);
INSERT INTO item_type_creator_type VALUES('journalArticle','contributor',1);
INSERT INTO item_type_creator_type VALUES('journalArticle','editor',2);
INSERT INTO item_type_creator_type VALUES('journalArticle','reviewedAuthor',3);
INSERT INTO item_type_creator_type VALUES('journalArticle','translator',4);
INSERT INTO item_type_creator_type VALUES('magazineArticle','author',0);
INSERT INTO item_type_creator_type VALUES('magazineArticle','contributor',1);
INSERT INTO item_type_creator_type VALUES('magazineArticle','reviewedAuthor',2);
INSERT INTO item_type_creator_type VALUES('magazineArticle','translator',3);
INSERT INTO item_type_creator_type VALUES('manuscript','author',0);
INSERT INTO item_type_creator_type VALUES('manuscript','contributor',1);
INSERT INTO item_type_creator_type VALUES('manuscript','translator',2);
INSERT INTO item_type_creator_type VALUES('newspaperArticle','author',0);
INSERT INTO item_type_creator_type VALUES('newspaperArticle','contributor',1);
INSERT INTO item_type_creator_type VALUES('newspaperArticle','reviewedAuthor',2);
INSERT INTO item_type_creator_type VALUES('newspaperArticle','translator',3);
INSERT INTO item_type_creator_type VALUES('map','cartographer',0);
INSERT INTO item_type_creator_type VALUES('map','contributor',1);
INSERT INTO item_type_creator_type VALUES('map','seriesEditor',2);
INSERT INTO item_type_creator_type VALUES('patent','inventor',0);
INSERT INTO item_type_creator_type VALUES('patent','attorneyAgent',1);
INSERT INTO item_type_creator_type VALUES('patent','contributor',2);
INSERT INTO item_type_creator_type VALUES('presentation','presenter',0);
INSERT INTO item_type_creator_type VALUES('presentation','contributor',1);
INSERT INTO item_type_creator_type VALUES('podcast','podcaster',0);
INSERT INTO item_type_creator_type VALUES('podcast','contributor',1);
INSERT INTO item_type_creator_type VALUES('podcast','guest',2);
INSERT INTO item_type_creator_type VALUES('preprint','author',0);
INSERT INTO item_type_creator_type VALUES('preprint','contributor',1);
INSERT INTO item_type_creator_type VALUES('preprint','editor',2);
INSERT INTO item_type_creator_type VALUES('preprint','reviewedAuthor',3);
INSERT INTO item_type_creator_type VALUES('preprint','translator',4);
INSERT INTO item_type_creator_type VALUES('radioBroadcast','director',0);
INSERT INTO item_type_creator_type VALUES('radioBroadcast','castMember',1);
INSERT INTO item_type_creator_type VALUES('radioBroadcast','contributor',2);
INSERT INTO item_type_creator_type VALUES('radioBroadcast','guest',3);
INSERT INTO item_type_creator_type VALUES('radioBroadcast','producer',4);
INSERT INTO item_type_creator_type VALUES('radioBroadcast','scriptwriter',5);
INSERT INTO item_type_creator_type VALUES('computerProgram','programmer',0);
INSERT INTO item_type_creator_type VALUES('computerProgram','contributor',1);
INSERT INTO item_type_creator_type VALUES('report','author',0);
INSERT INTO item_type_creator_type VALUES('report','contributor',1);
INSERT INTO item_type_creator_type VALUES('report','seriesEditor',2);
INSERT INTO item_type_creator_type VALUES('report','translator',3);
INSERT INTO item_type_creator_type VALUES('standard','author',0);
INSERT INTO item_type_creator_type VALUES('standard','contributor',1);
INSERT INTO item_type_creator_type VALUES('statute','author',0);
INSERT INTO item_type_creator_type VALUES('statute','contributor',1);
INSERT INTO item_type_creator_type VALUES('tvBroadcast','director',0);
INSERT INTO item_type_creator_type VALUES('tvBroadcast','castMember',1);
INSERT INTO item_type_creator_type VALUES('tvBroadcast','contributor',2);
INSERT INTO item_type_creator_type VALUES('tvBroadcast','guest',3);
INSERT INTO item_type_creator_type VALUES('tvBroadcast','producer',4);
INSERT INTO item_type_creator_type VALUES('tvBroadcast','scriptwriter',5);
INSERT INTO item_type_creator_type VALUES('thesis','author',0);
INSERT INTO item_type_creator_type VALUES('thesis','contributor',1);
INSERT INTO item_type_creator_type VALUES('videoRecording','director',0);
INSERT INTO item_type_creator_type VALUES('videoRecording','castMember',1);
INSERT INTO item_type_creator_type VALUES('videoRecording','contributor',2);
INSERT INTO item_type_creator_type VALUES('videoRecording','producer',3);
INSERT INTO item_type_creator_type VALUES('videoRecording','scriptwriter',4);
INSERT INTO item_type_creator_type VALUES('webpage','author',0);
INSERT INTO item_type_creator_type VALUES('webpage','contributor',1);
INSERT INTO item_type_creator_type VALUES('webpage','translator',2);
CREATE TABLE item_type_creator_type_locale (
	item_type VARCHAR NOT NULL, 
	creator_type VARCHAR NOT NULL, 
	locale VARCHAR NOT NULL, 
	localized VARCHAR NOT NULL, 
	PRIMARY KEY (item_type, creator_type, locale)
);
INSERT INTO item_type_creator_type_locale VALUES('artwork','artist','en-US','Artist');
INSERT INTO item_type_creator_type_locale VALUES('artwork','contributor','en-US','Contributor');
INSERT INTO item_type_creator_type_locale VALUES('audioRecording','performer','en-US','Performer');
INSERT INTO item_type_creator_type_locale VALUES('audioRecording','composer','en-US','Composer');
INSERT INTO item_type_creator_type_locale VALUES('audioRecording','contributor','en-US','Contributor');
INSERT INTO item_type_creator_type_locale VALUES('audioRecording','wordsBy','en-US','Words By');
INSERT INTO item_type_creator_type_locale VALUES('blogPost','author','en-US','Author');
INSERT INTO item_type_creator_type_locale VALUES('blogPost','commenter','en-US','Commenter');
INSERT INTO item_type_creator_type_locale VALUES('blogPost','contributor','en-US','Contributor');
INSERT INTO item_type_creator_type_locale VALUES('bill','sponsor','en-US','Sponsor');
INSERT INTO item_type_creator_type_locale VALUES('bill','contributor','en-US','Contributor');
INSERT INTO item_type_creator_type_locale VALUES('bill','cosponsor','en-US','Cosponsor');
INSERT INTO item_type_creator_type_locale VALUES('book','author','en-US','Author');
INSERT INTO item_type_creator_type_locale VALUES('book','contributor','en-US','Contributor');
INSERT INTO item_type_creator_type_locale VALUES('book','editor','en-US','Editor');
INSERT INTO item_type_creator_type_locale VALUES('book','seriesEditor','en-US','Series Editor');
INSERT INTO item_type_creator_type_locale VALUES('book','translator','en-US','Translator');
INSERT INTO item_type_creator_type_locale VALUES('bookSection','author','en-US','Author');
INSERT INTO item_type_creator_type_locale VALUES('bookSection','bookAuthor','en-US','Book Author');
INSERT INTO item_type_creator_type_locale VALUES('bookSection','contributor','en-US','Contributor');
INSERT INTO item_type_creator_type_locale VALUES('bookSection','editor','en-US','Editor');
INSERT INTO item_type_creator_type_locale VALUES('bookSection','seriesEditor','en-US','Series Editor');
INSERT INTO item_type_creator_type_locale VALUES('bookSection','translator','en-US','Translator');
INSERT INTO item_type_creator_type_locale VALUES('conferencePaper','author','en-US','Author');
INSERT INTO item_type_creator_type_locale VALUES('conferencePaper','contributor','en-US','Contributor');
INSERT INTO item_type_creator_type_locale VALUES('conferencePaper','editor','en-US','Editor');
INSERT INTO item_type_creator_type_locale VALUES('conferencePaper','seriesEditor','en-US','Series Editor');
INSERT INTO item_type_creator_type_locale VALUES('conferencePaper','translator','en-US','Translator');
INSERT INTO item_type_creator_type_locale VALUES('dataset','author','en-US','Author');
INSERT INTO item_type_creator_type_locale VALUES('dataset','contributor','en-US','Contributor');
INSERT INTO item_type_creator_type_locale VALUES('case','author','en-US','Author');
INSERT INTO item_type_creator_type_locale VALUES('case','contributor','en-US','Contributor');
INSERT INTO item_type_creator_type_locale VALUES('case','counsel','en-US','Counsel');
INSERT INTO item_type_creator_type_locale VALUES('film','director','en-US','Director');
INSERT INTO item_type_creator_type_locale VALUES('film','contributor','en-US','Contributor');
INSERT INTO item_type_creator_type_locale VALUES('film','producer','en-US','Producer');
INSERT INTO item_type_creator_type_locale VALUES('film','scriptwriter','en-US','Scriptwriter');
INSERT INTO item_type_creator_type_locale VALUES('document','author','en-US','Author');
INSERT INTO item_type_creator_type_locale VALUES('document','contributor','en-US','Contributor');
INSERT INTO item_type_creator_type_locale VALUES('document','editor','en-US','Editor');
INSERT INTO item_type_creator_type_locale VALUES('document','reviewedAuthor','en-US','Reviewed Author');
INSERT INTO item_type_creator_type_locale VALUES('document','translator','en-US','Translator');
INSERT INTO item_type_creator_type_locale VALUES('email','author','en-US','Author');
INSERT INTO item_type_creator_type_locale VALUES('email','contributor','en-US','Contributor');
INSERT INTO item_type_creator_type_locale VALUES('email','recipient','en-US','Recipient');
INSERT INTO item_type_creator_type_locale VALUES('encyclopediaArticle','author','en-US','Author');
INSERT INTO item_type_creator_type_locale VALUES('encyclopediaArticle','contributor','en-US','Contributor');
INSERT INTO item_type_creator_type_locale VALUES('encyclopediaArticle','editor','en-US','Editor');
INSERT INTO item_type_creator_type_locale VALUES('encyclopediaArticle','seriesEditor','en-US','Series Editor');
INSERT INTO item_type_creator_type_locale VALUES('encyclopediaArticle','translator','en-US','Translator');
INSERT INTO item_type_creator_type_locale VALUES('forumPost','author','en-US','Author');
INSERT INTO item_type_creator_type_locale VALUES('forumPost','contributor','en-US','Contributor');
INSERT INTO item_type_creator_type_locale VALUES('dictionaryEntry','author','en-US','Author');
INSERT INTO item_type_creator_type_locale VALUES('dictionaryEntry','contributor','en-US','Contributor');
INSERT INTO item_type_creator_type_locale VALUES('dictionaryEntry','editor','en-US','Editor');
INSERT INTO item_type_creator_type_locale VALUES('dictionaryEntry','seriesEditor','en-US','Series Editor');
INSERT INTO item_type_creator_type_locale VALUES('dictionaryEntry','translator','en-US','Translator');
INSERT INTO item_type_creator_type_locale VALUES('hearing','contributor','en-US','Contributor');
INSERT INTO item_type_creator_type_locale VALUES('instantMessage','author','en-US','Author');
INSERT INTO item_type_creator_type_locale VALUES('instantMessage','contributor','en-US','Contributor');
INSERT INTO item_type_creator_type_locale VALUES('instantMessage','recipient','en-US','Recipient');
INSERT INTO item_type_creator_type_locale VALUES('journalArticle','author','en-US','Author');
INSERT INTO item_type_creator_type_locale VALUES('journalArticle','contributor','en-US','Contributor');
INSERT INTO item_type_creator_type_locale VALUES('journalArticle','editor','en-US','Editor');
INSERT INTO item_type_creator_type_locale VALUES('journalArticle','reviewedAuthor','en-US','Reviewed Author');
INSERT INTO item_type_creator_type_locale VALUES('journalArticle','translator','en-US','Translator');
INSERT INTO item_type_creator_type_locale VALUES('letter','author','en-US','Author');
INSERT INTO item_type_creator_type_locale VALUES('letter','contributor','en-US','Contributor');
INSERT INTO item_type_creator_type_locale VALUES('letter','recipient','en-US','Recipient');
INSERT INTO item_type_creator_type_locale VALUES('magazineArticle','author','en-US','Author');
INSERT INTO item_type_creator_type_locale VALUES('magazineArticle','contributor','en-US','Contributor');
INSERT INTO item_type_creator_type_locale VALUES('magazineArticle','reviewedAuthor','en-US','Reviewed Author');
INSERT INTO item_type_creator_type_locale VALUES('magazineArticle','translator','en-US','Translator');
INSERT INTO item_type_creator_type_locale VALUES('interview','interviewee','en-US','Interview With');
INSERT INTO item_type_creator_type_locale VALUES('interview','contributor','en-US','Contributor');
INSERT INTO item_type_creator_type_locale VALUES('interview','interviewer','en-US','Interviewer');
INSERT INTO item_type_creator_type_locale VALUES('interview','translator','en-US','Translator');
INSERT INTO item_type_creator_type_locale VALUES('map','cartographer','en-US','Cartographer');
INSERT INTO item_type_creator_type_locale VALUES('map','contributor','en-US','Contributor');
INSERT INTO item_type_creator_type_locale VALUES('map','seriesEditor','en-US','Series Editor');
INSERT INTO item_type_creator_type_locale VALUES('manuscript','author','en-US','Author');
INSERT INTO item_type_creator_type_locale VALUES('manuscript','contributor','en-US','Contributor');
INSERT INTO item_type_creator_type_locale VALUES('manuscript','translator','en-US','Translator');
INSERT INTO item_type_creator_type_locale VALUES('newspaperArticle','author','en-US','Author');
INSERT INTO item_type_creator_type_locale VALUES('newspaperArticle','contributor','en-US','Contributor');
INSERT INTO item_type_creator_type_locale VALUES('newspaperArticle','reviewedAuthor','en-US','Reviewed Author');
INSERT INTO item_type_creator_type_locale VALUES('newspaperArticle','translator','en-US','Translator');
INSERT INTO item_type_creator_type_locale VALUES('patent','inventor','en-US','Inventor');
INSERT INTO item_type_creator_type_locale VALUES('patent','attorneyAgent','en-US','Attorney/Agent');
INSERT INTO item_type_creator_type_locale VALUES('patent','contributor','en-US','Contributor');
INSERT INTO item_type_creator_type_locale VALUES('podcast','podcaster','en-US','Podcaster');
INSERT INTO item_type_creator_type_locale VALUES('podcast','contributor','en-US','Contributor');
INSERT INTO item_type_creator_type_locale VALUES('podcast','guest','en-US','Guest');
INSERT INTO item_type_creator_type_locale VALUES('preprint','author','en-US','Author');
INSERT INTO item_type_creator_type_locale VALUES('preprint','contributor','en-US','Contributor');
INSERT INTO item_type_creator_type_locale VALUES('preprint','editor','en-US','Editor');
INSERT INTO item_type_creator_type_locale VALUES('preprint','reviewedAuthor','en-US','Reviewed Author');
INSERT INTO item_type_creator_type_locale VALUES('preprint','translator','en-US','Translator');
INSERT INTO item_type_creator_type_locale VALUES('presentation','presenter','en-US','Presenter');
INSERT INTO item_type_creator_type_locale VALUES('presentation','contributor','en-US','Contributor');
INSERT INTO item_type_creator_type_locale VALUES('radioBroadcast','director','en-US','Director');
INSERT INTO item_type_creator_type_locale VALUES('radioBroadcast','castMember','en-US','Cast Member');
INSERT INTO item_type_creator_type_locale VALUES('radioBroadcast','contributor','en-US','Contributor');
INSERT INTO item_type_creator_type_locale VALUES('radioBroadcast','guest','en-US','Guest');
INSERT INTO item_type_creator_type_locale VALUES('radioBroadcast','producer','en-US','Producer');
INSERT INTO item_type_creator_type_locale VALUES('radioBroadcast','scriptwriter','en-US','Scriptwriter');
INSERT INTO item_type_creator_type_locale VALUES('report','author','en-US','Author');
INSERT INTO item_type_creator_type_locale VALUES('report','contributor','en-US','Contributor');
INSERT INTO item_type_creator_type_locale VALUES('report','seriesEditor','en-US','Series Editor');
INSERT INTO item_type_creator_type_locale VALUES('report','translator','en-US','Translator');
INSERT INTO item_type_creator_type_locale VALUES('computerProgram','programmer','en-US','Programmer');
INSERT INTO item_type_creator_type_locale VALUES('computerProgram','contributor','en-US','Contributor');
INSERT INTO item_type_creator_type_locale VALUES('standard','author','en-US','Author');
INSERT INTO item_type_creator_type_locale VALUES('standard','contributor','en-US','Contributor');
INSERT INTO item_type_creator_type_locale VALUES('statute','author','en-US','Author');
INSERT INTO item_type_creator_type_locale VALUES('statute','contributor','en-US','Contributor');
INSERT INTO item_type_creator_type_locale VALUES('tvBroadcast','director','en-US','Director');
INSERT INTO item_type_creator_type_locale VALUES('tvBroadcast','castMember','en-US','Cast Member');
INSERT INTO item_type_creator_type_locale VALUES('tvBroadcast','contributor','en-US','Contributor');
INSERT INTO item_type_creator_type_locale VALUES('tvBroadcast','guest','en-US','Guest');
INSERT INTO item_type_creator_type_locale VALUES('tvBroadcast','producer','en-US','Producer');
INSERT INTO item_type_creator_type_locale VALUES('tvBroadcast','scriptwriter','en-US','Scriptwriter');
INSERT INTO item_type_creator_type_locale VALUES('thesis','author','en-US','Author');
INSERT INTO item_type_creator_type_locale VALUES('thesis','contributor','en-US','Contributor');
INSERT INTO item_type_creator_type_locale VALUES('webpage','author','en-US','Author');
INSERT INTO item_type_creator_type_locale VALUES('webpage','contributor','en-US','Contributor');
INSERT INTO item_type_creator_type_locale VALUES('webpage','translator','en-US','Translator');
INSERT INTO item_type_creator_type_locale VALUES('videoRecording','director','en-US','Director');
INSERT INTO item_type_creator_type_locale VALUES('videoRecording','castMember','en-US','Cast Member');
INSERT INTO item_type_creator_type_locale VALUES('videoRecording','contributor','en-US','Contributor');
INSERT INTO item_type_creator_type_locale VALUES('videoRecording','producer','en-US','Producer');
INSERT INTO item_type_creator_type_locale VALUES('videoRecording','scriptwriter','en-US','Scriptwriter');
CREATE TABLE item (
	item_key VARCHAR(8) NOT NULL, 
	version INTEGER NOT NULL, 
	item_type VARCHAR NOT NULL, 
	parent_item VARCHAR(8), 
	meta JSON NOT NULL, 
	links JSON NOT NULL, 
	data JSON NOT NULL, 
	relations JSON, 
	trashed BOOLEAN, 
	PRIMARY KEY (item_key)
);
INSERT INTO item VALUES('YE4WVE35',23,'webpage',NULL,'{"createdByUser": {"id": 2080646, "username": "dlesieur", "name": "David Lesieur", "links": {"alternate": {"href": "https://www.zotero.org/dlesieur", "type": "text/html"}}}, "creatorSummary": "Denton", "parsedDate": "2003", "numChildren": 2}','{"self": {"href": "https://api.zotero.org/groups/4507457/items/YE4WVE35", "type": "application/json"}, "alternate": {"href": "https://www.zotero.org/groups/kerko_tests_-_dummy_library/items/YE4WVE35", "type": "text/html"}, "attachment": {"href": "https://api.zotero.org/groups/4507457/items/X2IEN6S2", "type": "application/json", "attachmentType": "text/html"}}','{"key": "YE4WVE35", "version": 23, "itemType": "webpage", "title": "How to Make a Faceted Classification and Put It On the Web", "creators": [{"creatorType": "author", "firstName": "William", "lastName": "Denton"}], "abstractNote": "", "websiteTitle": "", "websiteType": "", "date": "2003", "shortTitle": "", "url": "https://www.miskatonic.org/library/facet-web-howto.html", "accessDate": "2021-04-07T21:30:17Z", "language": "", "rights": "", "extra": "KerkoTestID: 4507457-YE4WVE35", "tags": [{"tag": "Attachments"}], "collections": ["S7BFFL65"], "relations": {"owl:sameAs": "http://zotero.org/groups/2351708/items/ZQKSVQ7V"}, "dateAdded": "2021-11-13T23:10:11Z", "dateModified": "2021-11-13T23:30:20Z"}','{"owl:sameAs": "http://zotero.org/groups/2351708/items/ZQKSVQ7V"}',NULL);
INSERT INTO item VALUES('5N9Z9JY6',15,'note','YE4WVE35','{"createdByUser": {"id": 2080646, "username": "dlesieur", "name": "David Lesieur", "links": {"alternate": {"href": "https://www.zotero.org/dlesieur", "type": "text/html"}}}, "numChildren": 0}','{"self": {"href": "https://api.zotero.org/groups/4507457/items/5N9Z9JY6", "type": "application/json"}, "alternate": {"href": "https://www.zotero.org/groups/kerko_tests_-_dummy_library/items/5N9Z9JY6", "type": "text/html"}, "up": {"href": "https://api.zotero.org/groups/4507457/items/YE4WVE35", "type": "application/json"}}','{"key": "5N9Z9JY6", "version": 15, "parentItem": "YE4WVE35", "itemType": "note", "note": "<p>This item has a webpage snapshot attachment.</p>", "tags": [], "relations": {}, "dateAdded": "2021-11-13T23:11:34Z", "dateModified": "2021-11-13T23:11:37Z"}','{}',NULL);
INSERT INTO item VALUES('X2IEN6S2',12,'attachment','YE4WVE35','{"createdByUser": {"id": 2080646, "username": "dlesieur", "name": "David Lesieur", "links": {"alternate": {"href": "https://www.zotero.org/dlesieur", "type": "text/html"}}}}','{"self": {"href": "https://api.zotero.org/groups/4507457/items/X2IEN6S2", "type": "application/json"}, "alternate": {"href": "https://www.zotero.org/groups/kerko_tests_-_dummy_library/items/X2IEN6S2", "type": "text/html"}, "up": {"href": "https://api.zotero.org/groups/4507457/items/YE4WVE35", "type": "application/json"}, "enclosure": {"type": "text/html", "href": "https://api.zotero.org/groups/4507457/items/X2IEN6S2/file/view"}}','{"key": "X2IEN6S2", "version": 12, "parentItem": "YE4WVE35", "itemType": "attachment", "linkMode": "imported_url", "title": "How to Make a Faceted Classification and Put It On the Web | William Denton", "accessDate": "2021-04-07T21:30:21Z", "url": "https://www.miskatonic.org/library/facet-web-howto.html", "note": "", "contentType": "text/html", "charset": "utf-8", "filename": "facet-web-howto.html", "md5": "5cb4cf17be691083e08aee92de43d950", "mtime": 1636845011000, "tags": [], "relations": {"owl:sameAs": "http://zotero.org/groups/2351708/items/FMYHENNV"}, "dateAdded": "2021-11-13T23:10:11Z", "dateModified": "2021-11-13T23:10:11Z"}','{"owl:sameAs": "http://zotero.org/groups/2351708/items/FMYHENNV"}',NULL);
INSERT INTO item VALUES('F3WYV4X2',10,'conferencePaper',NULL,'{"createdByUser": {"id": 2080646, "username": "dlesieur", "name": "David Lesieur", "links": {"alternate": {"href": "https://www.zotero.org/dlesieur", "type": "text/html"}}}, "creatorSummary": "Hoe", "parsedDate": "2021-11-10", "numChildren": 0}','{"self": {"href": "https://api.zotero.org/groups/4507457/items/F3WYV4X2", "type": "application/json"}, "alternate": {"href": "https://www.zotero.org/groups/kerko_tests_-_dummy_library/items/F3WYV4X2", "type": "text/html"}}','{"key": "F3WYV4X2", "version": 10, "itemType": "conferencePaper", "title": "A conference paper", "creators": [{"creatorType": "author", "firstName": "Harry", "lastName": "Hoe"}], "abstractNote": "This is the abstract of a conference paper. Lorem ipsum dolor sit amet, consectetur adipiscing elit. Quisque pharetra, orci eu ullamcorper iaculis, mauris justo ullamcorper purus, vel bibendum leo felis et arcu. Phasellus pellentesque neque eros. Class aptent taciti sociosqu ad litora torquent per conubia nostra, per inceptos himenaeos. Integer mattis purus sem, posuere placerat enim elementum at. Suspendisse potenti. End of the abstract.", "date": "2021-11-10", "proceedingsTitle": "Proceedings of the First Example Conference, 2021", "conferenceName": "First Example Conference, 2021", "place": "Example Place", "publisher": "Example Publishing", "volume": "", "pages": "11-55", "series": "", "language": "en", "DOI": "10.5555/2351708-99VVIN8V", "ISBN": "", "shortTitle": "", "url": "http://example.com/2351708-99VVIN8V", "accessDate": "2021-11-10T16:55:10Z", "archive": "", "archiveLocation": "", "libraryCatalog": "", "callNumber": "", "rights": "", "extra": "KerkoTestID: 2351708-99VVIN8V", "tags": [{"tag": "Highwire Press"}], "collections": ["S7BFFL65"], "relations": {"owl:sameAs": "http://zotero.org/groups/2351708/items/99VVIN8V"}, "dateAdded": "2021-11-10T19:44:36Z", "dateModified": "2021-11-12T20:00:33Z"}','{"owl:sameAs": "http://zotero.org/groups/2351708/items/99VVIN8V"}',NULL);
INSERT INTO item VALUES('EPZFDKUE',10,'book',NULL,'{"createdByUser": {"id": 2080646, "username": "dlesieur", "name": "David Lesieur", "links": {"alternate": {"href": "https://www.zotero.org/dlesieur", "type": "text/html"}}}, "creatorSummary": "Mustermann et al.", "parsedDate": "2019", "numChildren": 0}','{"self": {"href": "https://api.zotero.org/groups/4507457/items/EPZFDKUE", "type": "application/json"}, "alternate": {"href": "https://www.zotero.org/groups/kerko_tests_-_dummy_library/items/EPZFDKUE", "type": "text/html"}}','{"key": "EPZFDKUE", "version": 10, "itemType": "book", "title": "A book with multiple authors", "creators": [{"creatorType": "author", "firstName": "Erika", "lastName": "Mustermann"}, {"creatorType": "author", "firstName": "Pierre-Jean", "lastName": "Jacques"}, {"creatorType": "author", "firstName": "Juan", "lastName": "P\u00e9rez"}, {"creatorType": "author", "firstName": "John", "lastName": "Doe"}, {"creatorType": "author", "firstName": "Richard", "lastName": "Roe"}, {"creatorType": "author", "firstName": "Jane", "lastName": "Smith"}, {"creatorType": "author", "firstName": "Ashok", "lastName": "Kumar"}, {"creatorType": "editor", "firstName": "Jan", "lastName": "Jansen"}], "abstractNote": "This book has 1 editor and 7 authors.", "series": "", "seriesNumber": "", "volume": "", "numberOfVolumes": "", "edition": "", "place": "Example Place", "publisher": "Example Publishing", "date": "2019", "numPages": "123", "language": "en", "ISBN": "979-8292-9-6571-8", "shortTitle": "", "url": "", "accessDate": "", "archive": "", "archiveLocation": "", "libraryCatalog": "", "callNumber": "", "rights": "", "extra": "KerkoTestID: 2351708-TAQ6HCSL", "tags": [{"tag": "Authors"}, {"tag": "Highwire Press"}], "collections": ["S7BFFL65"], "relations": {"owl:sameAs": "http://zotero.org/groups/2351708/items/TAQ6HCSL"}, "dateAdded": "2021-11-10T19:44:36Z", "dateModified": "2021-11-10T19:49:09Z"}','{"owl:sameAs": "http://zotero.org/groups/2351708/items/TAQ6HCSL"}',NULL);
INSERT INTO item VALUES('IR7VFLX4',10,'report',NULL,'{"createdByUser": {"id": 2080646, "username": "dlesieur", "name": "David Lesieur", "links": {"alternate": {"href": "https://www.zotero.org/dlesieur", "type": "text/html"}}}, "creatorSummary": "Doe", "parsedDate": "2019", "numChildren": 0}','{"self": {"href": "https://api.zotero.org/groups/4507457/items/IR7VFLX4", "type": "application/json"}, "alternate": {"href": "https://www.zotero.org/groups/kerko_tests_-_dummy_library/items/IR7VFLX4", "type": "text/html"}}','{"key": "IR7VFLX4", "version": 10, "itemType": "report", "title": "A report with a DOI in the Extra field", "creators": [{"creatorType": "author", "firstName": "John", "lastName": "Doe"}], "abstractNote": "", "reportNumber": "10", "reportType": "Technical report", "seriesTitle": "", "place": "", "institution": "Example Institution", "date": "2019", "pages": "", "language": "en", "shortTitle": "", "url": "http://example.com", "accessDate": "", "archive": "", "archiveLocation": "", "libraryCatalog": "", "callNumber": "", "rights": "", "extra": "DOI: 10.5555/2351708-DNFRSHFB\nKerkoTestID: 2351708-DNFRSHFB", "tags": [{"tag": "Extra"}, {"tag": "Highwire Press"}], "collections": ["S7BFFL65"], "relations": {"owl:sameAs": "http://zotero.org/groups/2351708/items/DNFRSHFB"}, "dateAdded": "2021-11-10T19:44:36Z", "dateModified": "2021-11-10T19:47:44Z"}','{"owl:sameAs": "http://zotero.org/groups/2351708/items/DNFRSHFB"}',NULL);
INSERT INTO item VALUES('BWQDC77S',10,'thesis',NULL,'{"createdByUser": {"id": 2080646, "username": "dlesieur", "name": "David Lesieur", "links": {"alternate": {"href": "https://www.zotero.org/dlesieur", "type": "text/html"}}}, "creatorSummary": "Hoe", "parsedDate": "2015-05-15", "numChildren": 0}','{"self": {"href": "https://api.zotero.org/groups/4507457/items/BWQDC77S", "type": "application/json"}, "alternate": {"href": "https://www.zotero.org/groups/kerko_tests_-_dummy_library/items/BWQDC77S", "type": "text/html"}}','{"key": "BWQDC77S", "version": 10, "itemType": "thesis", "title": "A thesis example", "creators": [{"creatorType": "author", "firstName": "Harry", "lastName": "Hoe"}], "abstractNote": "This is the abstract of a thesis. Duis sed ultricies sapien. Sed vel magna at orci lacinia sollicitudin at nec orci. Vestibulum nisi mauris, semper ut fringilla a, porta vitae sapien. Morbi at mauris facilisis orci dignissim pellentesque. Duis feugiat pulvinar ex sed aliquet. Curabitur ornare efficitur nulla ut mattis. Phasellus ac lectus nec nisl consectetur vestibulum vel vel dui. Vestibulum consectetur tortor eget velit fringilla scelerisque. Mauris nec iaculis leo. End of the abstract.", "thesisType": "Ph.D.", "university": "Small University", "place": "Tilt Cove, NL", "date": "2015-05-15", "numPages": "555", "language": "en", "shortTitle": "", "url": "", "accessDate": "", "archive": "", "archiveLocation": "", "libraryCatalog": "", "callNumber": "", "rights": "", "extra": "KerkoTestID: 2351708-9TCEM5BE", "tags": [{"tag": "Highwire Press"}], "collections": ["S7BFFL65"], "relations": {"owl:sameAs": "http://zotero.org/groups/2351708/items/9TCEM5BE"}, "dateAdded": "2021-11-10T19:44:36Z", "dateModified": "2021-11-10T19:44:36Z"}','{"owl:sameAs": "http://zotero.org/groups/2351708/items/9TCEM5BE"}',NULL);
INSERT INTO item VALUES('MZPGBKMQ',10,'journalArticle',NULL,'{"createdByUser": {"id": 2080646, "username": "dlesieur", "name": "David Lesieur", "links": {"alternate": {"href": "https://www.zotero.org/dlesieur", "type": "text/html"}}}, "creatorSummary": "Fernandez", "parsedDate": "2011-06-07", "numChildren": 2}','{"self": {"href": "https://api.zotero.org/groups/4507457/items/MZPGBKMQ", "type": "application/json"}, "alternate": {"href": "https://www.zotero.org/groups/kerko_tests_-_dummy_library/items/MZPGBKMQ", "type": "text/html"}, "attachment": {"href": "https://api.zotero.org/groups/4507457/items/8UCNG48V", "type": "application/json", "attachmentType": "application/pdf", "attachmentSize": 259865}}','{"key": "MZPGBKMQ", "version": 10, "itemType": "journalArticle", "title": "Zotero: information management software 2.0", "creators": [{"creatorType": "author", "firstName": "Peter", "lastName": "Fernandez"}], "abstractNote": "", "publicationTitle": "Library Hi Tech News", "volume": "28", "issue": "4", "pages": "5-7", "date": "2011-06-07", "series": "", "seriesTitle": "", "seriesText": "", "journalAbbreviation": "Library Hi Tech News", "language": "en", "DOI": "10.1108/07419051111154758", "ISSN": "0741-9058", "shortTitle": "Zotero", "url": "https://www.emerald.com/insight/content/doi/10.1108/07419051111154758/full/html", "accessDate": "2021-04-07T21:38:53Z", "archive": "", "archiveLocation": "", "libraryCatalog": "DOI.org (Crossref)", "callNumber": "", "rights": "", "extra": "KerkoTestID: 2351708-NW89E453", "tags": [{"tag": "Attachments"}, {"tag": "Highwire Press"}], "collections": ["S7BFFL65"], "relations": {"owl:sameAs": "http://zotero.org/groups/2351708/items/NW89E453"}, "dateAdded": "2021-11-10T19:44:36Z", "dateModified": "2021-11-10T19:44:36Z"}','{"owl:sameAs": "http://zotero.org/groups/2351708/items/NW89E453"}',NULL);
INSERT INTO item VALUES('8UCNG48V',3,'attachment','MZPGBKMQ','{"createdByUser": {"id": 2080646, "username": "dlesieur", "name": "David Lesieur", "links": {"alternate": {"href": "https://www.zotero.org/dlesieur", "type": "text/html"}}}, "numChildren": 0}','{"self": {"href": "https://api.zotero.org/groups/4507457/items/8UCNG48V", "type": "application/json"}, "alternate": {"href": "https://www.zotero.org/groups/kerko_tests_-_dummy_library/items/8UCNG48V", "type": "text/html"}, "up": {"href": "https://api.zotero.org/groups/4507457/items/MZPGBKMQ", "type": "application/json"}, "enclosure": {"type": "application/pdf", "href": "https://api.zotero.org/groups/4507457/items/8UCNG48V/file/view", "title": "Fernandez - 2011 - Zotero information management software 2.0.pdf", "length": 259865}}','{"key": "8UCNG48V", "version": 3, "parentItem": "MZPGBKMQ", "itemType": "attachment", "linkMode": "imported_url", "title": "Fernandez - 2011 - Zotero information management software 2.0.pdf", "accessDate": "2021-04-07T21:38:52Z", "url": "https://trace.tennessee.edu/cgi/viewcontent.cgi?article=1011&context=utk_libpub", "note": "", "contentType": "application/pdf", "charset": "", "filename": "Fernandez - 2011 - Zotero information management software 2.0.pdf", "md5": "01356f10ecc8724ac493b64619ef4285", "mtime": 1636573476000, "tags": [], "relations": {"owl:sameAs": "http://zotero.org/groups/2351708/items/PHULFR8N"}, "dateAdded": "2021-11-10T19:44:36Z", "dateModified": "2021-11-10T19:44:36Z"}','{"owl:sameAs": "http://zotero.org/groups/2351708/items/PHULFR8N"}',NULL);
INSERT INTO item VALUES('UXA97IQG',2,'note','MZPGBKMQ','{"createdByUser": {"id": 2080646, "username": "dlesieur", "name": "David Lesieur", "links": {"alternate": {"href": "https://www.zotero.org/dlesieur", "type": "text/html"}}}, "numChildren": 0}','{"self": {"href": "https://api.zotero.org/groups/4507457/items/UXA97IQG", "type": "application/json"}, "alternate": {"href": "https://www.zotero.org/groups/kerko_tests_-_dummy_library/items/UXA97IQG", "type": "text/html"}, "up": {"href": "https://api.zotero.org/groups/4507457/items/MZPGBKMQ", "type": "application/json"}}','{"key": "UXA97IQG", "version": 2, "parentItem": "MZPGBKMQ", "itemType": "note", "note": "<p>This item has an imported PDF attachment (linkMode = imported_url).</p>", "tags": [], "relations": {"owl:sameAs": "http://zotero.org/groups/2351708/items/LP3RZXMG"}, "dateAdded": "2021-11-10T19:44:36Z", "dateModified": "2021-11-10T19:44:36Z"}','{"owl:sameAs": "http://zotero.org/groups/2351708/items/LP3RZXMG"}',NULL);
CREATE TABLE search (
	search_key VARCHAR(8) NOT NULL, 
	version INTEGER NOT NULL, 
	name VARCHAR NOT NULL, 
	links JSON NOT NULL, 
	data JSON NOT NULL, 
	trashed BOOLEAN, 
	PRIMARY KEY (search_key)
);
CREATE TABLE deleted_collection (
	collection_key VARCHAR(8) NOT NULL, 
	PRIMARY KEY (collection_key)
);
CREATE TABLE deleted_item (
	item_key VARCHAR(8) NOT NULL, 
	PRIMARY KEY (item_key)
);
INSERT INTO deleted_item VALUES('7W4KNLF9');
INSERT INTO deleted_item VALUES('BKXESAF9');
INSERT INTO deleted_item VALUES('N74MHRK9');
INSERT INTO deleted_item VALUES('UDPZLE58');
CREATE TABLE deleted_search (
	search_key VARCHAR(8) NOT NULL, 
	PRIMARY KEY (search_key)
);
CREATE TABLE sync_history (
	history_id INTEGER NOT NULL, 
	library_id VARCHAR NOT NULL, 
	library_prefix VARCHAR NOT NULL, 
	since_version INTEGER NOT NULL, 
	to_version INTEGER NOT NULL, 
	started_on DATETIME NOT NULL, 
	ended_on DATETIME NOT NULL, 
	data_options JSON NOT NULL, 
	process_options JSON NOT NULL, 
	updated_item_count INTEGER NOT NULL, 
	updated_item_fulltext_count INTEGER NOT NULL, 
	updated_collection_count INTEGER NOT NULL, 
	updated_search_count INTEGER NOT NULL, 
	deleted_item_count INTEGER NOT NULL, 
	deleted_collection_count INTEGER NOT NULL, 
	deleted_search_count INTEGER NOT NULL, 
	files_started_on DATETIME, 
	files_ended_on DATETIME, 
	updated_file_count INTEGER, 
	deleted_file_count INTEGER, 
	karboni_version VARCHAR NOT NULL, 
	PRIMARY KEY (history_id)
);
INSERT INTO sync_history VALUES(1,'4507457','groups',0,26,'2025-12-11 00:25:07.246418','2025-12-11 00:25:13.906874','{"locales": ["en-US"], "styles": ["apa"], "export_formats": ["coins", "bibtex", "ris"], "fulltext": true, "files": false, "media_types": []}','{"initial-batch-size": 50, "initial-retry-wait": 2.0, "max-concurrent-requests": 20, "max-errors": 10}',10,0,1,0,4,0,0,NULL,NULL,NULL,NULL,'0.1.0a1.dev10+g488be0fae.d20251210');
CREATE TABLE item_collection (
	item_key VARCHAR(8) NOT NULL, 
	collection_key VARCHAR(8) NOT NULL, 
	PRIMARY KEY (item_key, collection_key), 
	FOREIGN KEY(item_key) REFERENCES item (item_key) ON DELETE CASCADE, 
	FOREIGN KEY(collection_key) REFERENCES collection (collection_key) ON DELETE CASCADE
);
INSERT INTO item_collection VALUES('YE4WVE35','S7BFFL65');
INSERT INTO item_collection VALUES('F3WYV4X2','S7BFFL65');
INSERT INTO item_collection VALUES('EPZFDKUE','S7BFFL65');
INSERT INTO item_collection VALUES('IR7VFLX4','S7BFFL65');
INSERT INTO item_collection VALUES('BWQDC77S','S7BFFL65');
INSERT INTO item_collection VALUES('MZPGBKMQ','S7BFFL65');
CREATE TABLE item_tag (
	item_key VARCHAR(8) NOT NULL, 
	tag VARCHAR NOT NULL, 
	PRIMARY KEY (item_key, tag), 
	FOREIGN KEY(item_key) REFERENCES item (item_key) ON DELETE CASCADE
);
INSERT INTO item_tag VALUES('YE4WVE35','Attachments');
INSERT INTO item_tag VALUES('F3WYV4X2','Highwire Press');
INSERT INTO item_tag VALUES('EPZFDKUE','Authors');
INSERT INTO item_tag VALUES('EPZFDKUE','Highwire Press');
INSERT INTO item_tag VALUES('IR7VFLX4','Extra');
INSERT INTO item_tag VALUES('IR7VFLX4','Highwire Press');
INSERT INTO item_tag VALUES('BWQDC77S','Highwire Press');
INSERT INTO item_tag VALUES('MZPGBKMQ','Attachments');
INSERT INTO item_tag VALUES('MZPGBKMQ','Highwire Press');
CREATE TABLE item_bib (
	item_key VARCHAR(8) NOT NULL, 
	style VARCHAR NOT NULL, 
	locale VARCHAR NOT NULL, 
	bib VARCHAR NOT NULL, 
	PRIMARY KEY (item_key, style, locale), 
	FOREIGN KEY(item_key) REFERENCES item (item_key) ON DELETE CASCADE
);
INSERT INTO item_bib VALUES('YE4WVE35','apa','en-US',replace('<div class="csl-bib-body" style="line-height: 2; padding-left: 1em; text-indent:-1em;">\n  <div class="csl-entry">Denton, W. (2003). <i>How to Make a Faceted Classification and Put It On the Web</i>. https://www.miskatonic.org/library/facet-web-howto.html</div>\n</div>','\n',char(10)));
INSERT INTO item_bib VALUES('F3WYV4X2','apa','en-US',replace('<div class="csl-bib-body" style="line-height: 2; padding-left: 1em; text-indent:-1em;">\n  <div class="csl-entry">Hoe, H. (2021). A conference paper. <i>Proceedings of the First Example Conference, 2021</i>, 11&#x2013;55. https://doi.org/10.5555/2351708-99VVIN8V</div>\n</div>','\n',char(10)));
INSERT INTO item_bib VALUES('EPZFDKUE','apa','en-US',replace('<div class="csl-bib-body" style="line-height: 2; padding-left: 1em; text-indent:-1em;">\n  <div class="csl-entry">Mustermann, E., Jacques, P.-J., P&#xE9;rez, J., Doe, J., Roe, R., Smith, J., &amp; Kumar, A. (2019). <i>A book with multiple authors</i> (J. Jansen, Ed.). Example Publishing.</div>\n</div>','\n',char(10)));
INSERT INTO item_bib VALUES('IR7VFLX4','apa','en-US',replace('<div class="csl-bib-body" style="line-height: 2; padding-left: 1em; text-indent:-1em;">\n  <div class="csl-entry">Doe, J. (2019). <i>A report with a DOI in the Extra field</i> (Technical Report No. 10). Example Institution. https://doi.org/10.5555/2351708-DNFRSHFB</div>\n</div>','\n',char(10)));
INSERT INTO item_bib VALUES('BWQDC77S','apa','en-US',replace('<div class="csl-bib-body" style="line-height: 2; padding-left: 1em; text-indent:-1em;">\n  <div class="csl-entry">Hoe, H. (2015). <i>A thesis example</i> [Ph.D.]. Small University.</div>\n</div>','\n',char(10)));
INSERT INTO item_bib VALUES('MZPGBKMQ','apa','en-US',replace('<div class="csl-bib-body" style="line-height: 2; padding-left: 1em; text-indent:-1em;">\n  <div class="csl-entry">Fernandez, P. (2011). Zotero: information management software 2.0. <i>Library Hi Tech News</i>, <i>28</i>(4), 5&#x2013;7. https://doi.org/10.1108/07419051111154758</div>\n</div>','\n',char(10)));
CREATE TABLE item_export_format (
	item_key VARCHAR(8) NOT NULL, 
	format VARCHAR NOT NULL, 
	content VARCHAR NOT NULL, 
	PRIMARY KEY (item_key, format), 
	FOREIGN KEY(item_key) REFERENCES item (item_key) ON DELETE CASCADE
);
INSERT INTO item_export_format VALUES('YE4WVE35','coins',replace('<span class=''Z3988'' title=''url_ver=Z39.88-2004&amp;ctx_ver=Z39.88-2004&amp;rfr_id=info%3Asid%2Fzotero.org%3A2&amp;rft_val_fmt=info%3Aofi%2Ffmt%3Akev%3Amtx%3Adc&amp;rft.type=webpage&amp;rft.title=How%20to%20Make%20a%20Faceted%20Classification%20and%20Put%20It%20On%20the%20Web&amp;rft.identifier=https%3A%2F%2Fwww.miskatonic.org%2Flibrary%2Ffacet-web-howto.html&amp;rft.aufirst=William&amp;rft.aulast=Denton&amp;rft.au=William%20Denton&amp;rft.date=2003''></span>\n','\n',char(10)));
INSERT INTO item_export_format VALUES('F3WYV4X2','coins',replace('<span class=''Z3988'' title=''url_ver=Z39.88-2004&amp;ctx_ver=Z39.88-2004&amp;rfr_id=info%3Asid%2Fzotero.org%3A2&amp;rft_id=info%3Adoi%2F10.5555%2F2351708-99VVIN8V&amp;rft_val_fmt=info%3Aofi%2Ffmt%3Akev%3Amtx%3Abook&amp;rft.genre=proceeding&amp;rft.atitle=A%20conference%20paper&amp;rft.btitle=Proceedings%20of%20the%20First%20Example%20Conference%2C%202021&amp;rft.place=Example%20Place&amp;rft.publisher=Example%20Publishing&amp;rft.aufirst=Harry&amp;rft.aulast=Hoe&amp;rft.au=Harry%20Hoe&amp;rft.date=2021-11-10&amp;rft.pages=11-55&amp;rft.spage=11&amp;rft.epage=55&amp;rft.language=en''></span>\n','\n',char(10)));
INSERT INTO item_export_format VALUES('EPZFDKUE','coins',replace('<span class=''Z3988'' title=''url_ver=Z39.88-2004&amp;ctx_ver=Z39.88-2004&amp;rfr_id=info%3Asid%2Fzotero.org%3A2&amp;rft_id=urn%3Aisbn%3A979-8292-9-6571-8&amp;rft_val_fmt=info%3Aofi%2Ffmt%3Akev%3Amtx%3Abook&amp;rft.genre=book&amp;rft.btitle=A%20book%20with%20multiple%20authors&amp;rft.place=Example%20Place&amp;rft.publisher=Example%20Publishing&amp;rft.aufirst=Erika&amp;rft.aulast=Mustermann&amp;rft.au=Erika%20Mustermann&amp;rft.au=Pierre-Jean%20Jacques&amp;rft.au=Juan%20P%C3%A9rez&amp;rft.au=John%20Doe&amp;rft.au=Richard%20Roe&amp;rft.au=Jane%20Smith&amp;rft.au=Ashok%20Kumar&amp;rft.au=Jan%20Jansen&amp;rft.date=2019&amp;rft.tpages=123&amp;rft.isbn=979-8292-9-6571-8&amp;rft.language=en''></span>\n','\n',char(10)));
INSERT INTO item_export_format VALUES('IR7VFLX4','coins',replace('<span class=''Z3988'' title=''url_ver=Z39.88-2004&amp;ctx_ver=Z39.88-2004&amp;rfr_id=info%3Asid%2Fzotero.org%3A2&amp;rft_val_fmt=info%3Aofi%2Ffmt%3Akev%3Amtx%3Abook&amp;rft.genre=report&amp;rft.btitle=A%20report%20with%20a%20DOI%20in%20the%20Extra%20field&amp;rft.publisher=Example%20Institution&amp;rft.aufirst=John&amp;rft.aulast=Doe&amp;rft.au=John%20Doe&amp;rft.date=2019&amp;rft.language=en''></span>\n','\n',char(10)));
INSERT INTO item_export_format VALUES('BWQDC77S','coins',replace('<span class=''Z3988'' title=''url_ver=Z39.88-2004&amp;ctx_ver=Z39.88-2004&amp;rfr_id=info%3Asid%2Fzotero.org%3A2&amp;rft_val_fmt=info%3Aofi%2Ffmt%3Akev%3Amtx%3Adissertation&amp;rft.title=A%20thesis%20example&amp;rft.inst=Small%20University&amp;rft.degree=Ph.D.&amp;rft.aufirst=Harry&amp;rft.aulast=Hoe&amp;rft.au=Harry%20Hoe&amp;rft.date=2015-05-15&amp;rft.tpages=555&amp;rft.language=en''></span>\n','\n',char(10)));
INSERT INTO item_export_format VALUES('MZPGBKMQ','coins',replace('<span class=''Z3988'' title=''url_ver=Z39.88-2004&amp;ctx_ver=Z39.88-2004&amp;rfr_id=info%3Asid%2Fzotero.org%3A2&amp;rft_id=info%3Adoi%2F10.1108%2F07419051111154758&amp;rft_val_fmt=info%3Aofi%2Ffmt%3Akev%3Amtx%3Ajournal&amp;rft.genre=article&amp;rft.atitle=Zotero%3A%20information%20management%20software%202.0&amp;rft.jtitle=Library%20Hi%20Tech%20News&amp;rft.stitle=Library%20Hi%20Tech%20News&amp;rft.volume=28&amp;rft.issue=4&amp;rft.aufirst=Peter&amp;rft.aulast=Fernandez&amp;rft.au=Peter%20Fernandez&amp;rft.date=2011-06-07&amp;rft.pages=5-7&amp;rft.spage=5&amp;rft.epage=7&amp;rft.issn=0741-9058&amp;rft.language=en''></span>\n','\n',char(10)));
INSERT INTO item_export_format VALUES('YE4WVE35','bibtex',replace('\n@misc{denton_how_2003,\n	title = {How to {Make} a {Faceted} {Classification} and {Put} {It} {On} the {Web}},\n	url = {https://www.miskatonic.org/library/facet-web-howto.html},\n	urldate = {2021-04-07},\n	author = {Denton, William},\n	year = {2003},\n	note = {KerkoTestID: 4507457-YE4WVE35},\n	keywords = {Attachments},\n}\n','\n',char(10)));
INSERT INTO item_export_format VALUES('F3WYV4X2','bibtex',replace('\n@inproceedings{hoe_conference_2021,\n	address = {Example Place},\n	title = {A conference paper},\n	url = {http://example.com/2351708-99VVIN8V},\n	doi = {10.5555/2351708-99VVIN8V},\n	abstract = {This is the abstract of a conference paper. Lorem ipsum dolor sit amet, consectetur adipiscing elit. Quisque pharetra, orci eu ullamcorper iaculis, mauris justo ullamcorper purus, vel bibendum leo felis et arcu. Phasellus pellentesque neque eros. Class aptent taciti sociosqu ad litora torquent per conubia nostra, per inceptos himenaeos. Integer mattis purus sem, posuere placerat enim elementum at. Suspendisse potenti. End of the abstract.},\n	language = {en},\n	urldate = {2021-11-10},\n	booktitle = {Proceedings of the {First} {Example} {Conference}, 2021},\n	publisher = {Example Publishing},\n	author = {Hoe, Harry},\n	month = nov,\n	year = {2021},\n	note = {KerkoTestID: 2351708-99VVIN8V},\n	keywords = {Highwire Press},\n	pages = {11--55},\n}\n','\n',char(10)));
INSERT INTO item_export_format VALUES('EPZFDKUE','bibtex',replace('\n@book{mustermann_book_2019,\n	address = {Example Place},\n	title = {A book with multiple authors},\n	isbn = {979-8292-9-6571-8},\n	abstract = {This book has 1 editor and 7 authors.},\n	language = {en},\n	publisher = {Example Publishing},\n	author = {Mustermann, Erika and Jacques, Pierre-Jean and Pérez, Juan and Doe, John and Roe, Richard and Smith, Jane and Kumar, Ashok},\n	editor = {Jansen, Jan},\n	year = {2019},\n	note = {KerkoTestID: 2351708-TAQ6HCSL},\n	keywords = {Authors, Highwire Press},\n}\n','\n',char(10)));
INSERT INTO item_export_format VALUES('IR7VFLX4','bibtex',replace('\n@techreport{doe_report_2019,\n	type = {Technical report},\n	title = {A report with a {DOI} in the {Extra} field},\n	url = {http://example.com},\n	language = {en},\n	number = {10},\n	institution = {Example Institution},\n	author = {Doe, John},\n	year = {2019},\n	doi = {10.5555/2351708-DNFRSHFB},\n	note = {KerkoTestID: 2351708-DNFRSHFB},\n	keywords = {Extra, Highwire Press},\n}\n','\n',char(10)));
INSERT INTO item_export_format VALUES('BWQDC77S','bibtex',replace('\n@phdthesis{hoe_thesis_2015,\n	address = {Tilt Cove, NL},\n	type = {Ph.{D}.},\n	title = {A thesis example},\n	abstract = {This is the abstract of a thesis. Duis sed ultricies sapien. Sed vel magna at orci lacinia sollicitudin at nec orci. Vestibulum nisi mauris, semper ut fringilla a, porta vitae sapien. Morbi at mauris facilisis orci dignissim pellentesque. Duis feugiat pulvinar ex sed aliquet. Curabitur ornare efficitur nulla ut mattis. Phasellus ac lectus nec nisl consectetur vestibulum vel vel dui. Vestibulum consectetur tortor eget velit fringilla scelerisque. Mauris nec iaculis leo. End of the abstract.},\n	language = {en},\n	school = {Small University},\n	author = {Hoe, Harry},\n	month = may,\n	year = {2015},\n	note = {KerkoTestID: 2351708-9TCEM5BE},\n	keywords = {Highwire Press},\n}\n','\n',char(10)));
INSERT INTO item_export_format VALUES('MZPGBKMQ','bibtex',replace('\n@article{fernandez_zotero_2011,\n	title = {Zotero: information management software 2.0},\n	volume = {28},\n	issn = {0741-9058},\n	shorttitle = {Zotero},\n	url = {https://www.emerald.com/insight/content/doi/10.1108/07419051111154758/full/html},\n	doi = {10.1108/07419051111154758},\n	language = {en},\n	number = {4},\n	urldate = {2021-04-07},\n	journal = {Library Hi Tech News},\n	author = {Fernandez, Peter},\n	month = jun,\n	year = {2011},\n	note = {KerkoTestID: 2351708-NW89E453},\n	keywords = {Attachments, Highwire Press},\n	pages = {5--7},\n}\n','\n',char(10)));
INSERT INTO item_export_format VALUES('YE4WVE35','ris',replace(replace('TY  - ELEC\r\nTI  - How to Make a Faceted Classification and Put It On the Web\r\nAU  - Denton, William\r\nDA  - 2003///\r\nPY  - 2003\r\nUR  - https://www.miskatonic.org/library/facet-web-howto.html\r\nY2  - 2021/04/07/21:30:17\r\nKW  - Attachments\r\nER  - \r\n\r\n','\r',char(13)),'\n',char(10)));
INSERT INTO item_export_format VALUES('F3WYV4X2','ris',replace(replace('TY  - CONF\r\nTI  - A conference paper\r\nAU  - Hoe, Harry\r\nT2  - First Example Conference, 2021\r\nAB  - This is the abstract of a conference paper. Lorem ipsum dolor sit amet, consectetur adipiscing elit. Quisque pharetra, orci eu ullamcorper iaculis, mauris justo ullamcorper purus, vel bibendum leo felis et arcu. Phasellus pellentesque neque eros. Class aptent taciti sociosqu ad litora torquent per conubia nostra, per inceptos himenaeos. Integer mattis purus sem, posuere placerat enim elementum at. Suspendisse potenti. End of the abstract.\r\nC1  - Example Place\r\nC3  - Proceedings of the First Example Conference, 2021\r\nDA  - 2021/11/10/\r\nPY  - 2021\r\nDO  - 10.5555/2351708-99VVIN8V\r\nSP  - 11\r\nEP  - 55\r\nLA  - en\r\nPB  - Example Publishing\r\nUR  - http://example.com/2351708-99VVIN8V\r\nY2  - 2021/11/10/16:55:10\r\nKW  - Highwire Press\r\nER  - \r\n\r\n','\r',char(13)),'\n',char(10)));
INSERT INTO item_export_format VALUES('EPZFDKUE','ris',replace(replace('TY  - BOOK\r\nTI  - A book with multiple authors\r\nAU  - Mustermann, Erika\r\nAU  - Jacques, Pierre-Jean\r\nAU  - Pérez, Juan\r\nAU  - Doe, John\r\nAU  - Roe, Richard\r\nAU  - Smith, Jane\r\nAU  - Kumar, Ashok\r\nA3  - Jansen, Jan\r\nAB  - This book has 1 editor and 7 authors.\r\nCY  - Example Place\r\nDA  - 2019///\r\nPY  - 2019\r\nSP  - 123\r\nLA  - en\r\nPB  - Example Publishing\r\nSN  - 979-8292-9-6571-8\r\nKW  - Authors\r\nKW  - Highwire Press\r\nER  - \r\n\r\n','\r',char(13)),'\n',char(10)));
INSERT INTO item_export_format VALUES('IR7VFLX4','ris',replace(replace('TY  - RPRT\r\nTI  - A report with a DOI in the Extra field\r\nAU  - Doe, John\r\nDA  - 2019///\r\nPY  - 2019\r\nLA  - en\r\nM3  - Technical report\r\nPB  - Example Institution\r\nSN  - 10\r\nUR  - http://example.com\r\nKW  - Extra\r\nKW  - Highwire Press\r\nER  - \r\n\r\n','\r',char(13)),'\n',char(10)));
INSERT INTO item_export_format VALUES('BWQDC77S','ris',replace(replace('TY  - THES\r\nTI  - A thesis example\r\nAU  - Hoe, Harry\r\nAB  - This is the abstract of a thesis. Duis sed ultricies sapien. Sed vel magna at orci lacinia sollicitudin at nec orci. Vestibulum nisi mauris, semper ut fringilla a, porta vitae sapien. Morbi at mauris facilisis orci dignissim pellentesque. Duis feugiat pulvinar ex sed aliquet. Curabitur ornare efficitur nulla ut mattis. Phasellus ac lectus nec nisl consectetur vestibulum vel vel dui. Vestibulum consectetur tortor eget velit fringilla scelerisque. Mauris nec iaculis leo. End of the abstract.\r\nCY  - Tilt Cove, NL\r\nDA  - 2015/05/15/\r\nPY  - 2015\r\nSP  - 555\r\nLA  - en\r\nM3  - Ph.D.\r\nPB  - Small University\r\nKW  - Highwire Press\r\nER  - \r\n\r\n','\r',char(13)),'\n',char(10)));
INSERT INTO item_export_format VALUES('MZPGBKMQ','ris',replace(replace('TY  - JOUR\r\nTI  - Zotero: information management software 2.0\r\nAU  - Fernandez, Peter\r\nT2  - Library Hi Tech News\r\nDA  - 2011/06/07/\r\nPY  - 2011\r\nDO  - 10.1108/07419051111154758\r\nDP  - DOI.org (Crossref)\r\nVL  - 28\r\nIS  - 4\r\nSP  - 5\r\nEP  - 7\r\nJ2  - Library Hi Tech News\r\nLA  - en\r\nSN  - 0741-9058\r\nST  - Zotero\r\nUR  - https://www.emerald.com/insight/content/doi/10.1108/07419051111154758/full/html\r\nY2  - 2021/04/07/21:38:53\r\nKW  - Attachments\r\nKW  - Highwire Press\r\nER  - \r\n\r\n','\r',char(13)),'\n',char(10)));
CREATE TABLE item_file (
	item_key VARCHAR(8) NOT NULL, 
	content_type VARCHAR NOT NULL, 
	charset VARCHAR NOT NULL, 
	filename VARCHAR NOT NULL, 
	md5 VARCHAR(32), 
	mtime BIGINT, 
	download_status VARCHAR NOT NULL, 
	PRIMARY KEY (item_key), 
	FOREIGN KEY(item_key) REFERENCES item (item_key) ON DELETE CASCADE
);
INSERT INTO item_file VALUES('X2IEN6S2','text/html','utf-8','facet-web-howto.html','5cb4cf17be691083e08aee92de43d950',1636845011000,'unknown');
INSERT INTO item_file VALUES('8UCNG48V','application/pdf','','Fernandez - 2011 - Zotero information management software 2.0.pdf','01356f10ecc8724ac493b64619ef4285',1636573476000,'unknown');
CREATE TABLE item_fulltext (
	item_key VARCHAR(8) NOT NULL, 
	content VARCHAR NOT NULL, 
	indexed_pages INTEGER, 
	total_pages INTEGER, 
	indexed_chars INTEGER, 
	total_chars INTEGER, 
	PRIMARY KEY (item_key), 
	FOREIGN KEY(item_key) REFERENCES item (item_key) ON DELETE CASCADE
);
CREATE INDEX ix_collection_parent_collection ON collection (parent_collection);
CREATE INDEX ix_collection_version ON collection (version);
CREATE INDEX ix_collection_trashed ON collection (trashed);
CREATE INDEX ix_item_type_field_position ON item_type_field (position);
CREATE INDEX ix_item_type_creator_type_position ON item_type_creator_type (position);
CREATE INDEX ix_item_parent_item ON item (parent_item);
CREATE INDEX ix_item_item_type ON item (item_type);
CREATE INDEX ix_item_trashed ON item (trashed);
CREATE INDEX ix_item_version ON item (version);
CREATE INDEX ix_search_trashed ON search (trashed);
CREATE INDEX ix_search_version ON search (version);
CREATE INDEX ix_sync_history_ended_on ON sync_history (ended_on);
CREATE INDEX ix_sync_history_files_ended_on ON sync_history (files_ended_on);
CREATE INDEX ix_sync_history_to_version ON sync_history (to_version);
CREATE INDEX ix_sync_history_started_on ON sync_history (started_on);
CREATE INDEX ix_sync_history_since_version ON sync_history (since_version);
CREATE INDEX ix_sync_history_files_started_on ON sync_history (files_started_on);
CREATE INDEX ix_item_file_download_status ON item_file (download_status);
CREATE INDEX ix_item_file_content_type ON item_file (content_type);
COMMIT;
